site_name	pearson-r_central_coverage	pearson-pval_central_coverage	pearson-adjusted-p-val_central_coverage	lin-reg-RMSE_central_coverage	pearson-r_mean_coverage	pearson-pval_mean_coverage	pearson-adjusted-p-val_mean_coverage	lin-reg-RMSE_mean_coverage	pearson-r_amplitude	pearson-pval_amplitude	pearson-adjusted-p-val_amplitude	lin-reg-RMSE_amplitude
AHR.hg38.10000	-0.414170466702568	2.5845733866252606e-09	3.897536667030893e-08	0.04626443425832182	-0.40959134465639174	4.012283912535201e-09	5.042103450085903e-08	0.01725857748433014	0.12291794774605713	0.0902579396750997	0.2722179460601007	0.5297460547842878
AR.hg38.10000	-0.20623529286563613	0.004205058543395272	0.012697950046621803	0.04887247055938486	-0.3459033354622528	9.523103680460249e-07	6.904250168333681e-06	0.012170062725196074	-0.0284070529188903	0.6964663527628256	0.8535810255666676	0.5800894568847725
ARID3A.hg38.10000	0.07343319687531903	0.31270191117181373	0.44319030267584125	0.0457983767413062	0.0406434265135172	0.5766758075470256	0.711153828221485	0.011082859533442246	0.022567363970917013	0.7566527232984017	0.8842807408046113	0.5649340016858813
ARNT.hg38.10000	0.2705778427845462	0.00015322939280383637	0.0006877081081791228	0.04594537646176195	0.18264282518524128	0.011441636143309914	0.031951828340946946	0.013749661997194287	0.11223134510537919	0.12215913140425917	0.3263241974250263	0.5413567970351791
ARNTL.hg38.10000	0.09202651888707053	0.2054516178183213	0.32006305751036007	0.04113062946842716	0.08449428744841972	0.24517519245693764	0.36247469629908036	0.010922968435865817	0.08457989020381705	0.24469562802883685	0.48511204985801926	0.5684816341935588
ASCL1.hg38.10000	-0.11488357188856868	0.11352532080958752	0.20283908030907344	0.04430960639858356	0.008472322340065494	0.9073963213561251	0.9295880792153782	0.009923075605779924	-0.09047450490851443	0.21323134716209444	0.456826366818396	0.4815410739418249
ASCL2.hg38.10000	-0.3694499831867883	1.4432000588750122e-07	1.3270400541362918e-06	0.04523956335841451	-0.41051413263590714	3.673935985227003e-09	4.7761167807951036e-08	0.015817896599146716	0.1151529299122777	0.11267584709360709	0.31379167308295053	0.5122554890486037
ATF1.hg38.10000	-0.09962615888376797	0.17030118614476486	0.2750331205189678	0.04832844194388119	0.05206586691000422	0.47440729568837425	0.6042282110625578	0.01973662944137984	-0.35377390934928465	5.154554220511708e-07	7.474103619741977e-06	0.7896015979003814
ATF2.hg38.10000	-0.014099098902455256	0.8465016507637697	0.8791490973497003	0.04313466395283777	0.13639792108243262	0.05990590616707101	0.11886592960518827	0.008636616423710148	-0.0027540919776269184	0.969837156196635	0.9802375546545078	0.6882865192426307
ATF3.hg38.10000	-0.03977693908687269	0.5848350308436943	0.6892796970580108	0.045643225302037634	0.04136396975990443	0.5699316767012217	0.7067902701196072	0.0164131773277637	-0.11154054473046558	0.12448942818238695	0.3263241974250263	0.761037875709731
ATF4.hg38.10000	-0.06344316120910126	0.38324922122917904	0.5123580014304983	0.04503744221505963	0.06239970812460196	0.3911375273058909	0.5285263361803616	0.009199470370856095	-0.05167734396779345	0.4777156129034178	0.7003569604162134	0.761925409926639
ATF7.hg38.10000	-0.003935280426542856	0.956911377453564	0.9723870331536216	0.04447261339534429	0.08488716207907761	0.24297960869386742	0.36064296251018907	0.008948636966712022	0.01207222491338856	0.8683518776942065	0.9572182979260698	0.6326717777309068
BACH1.hg38.10000	0.3870489828971127	3.182056715460965e-08	3.5283393580258346e-07	0.05188657303410569	0.23997233709092716	0.0008266681738463284	0.003116539015400658	0.01466995238058253	-0.23991400350468706	0.000829166729153853	0.00612933052727456	0.6626007659890241
BACH2.hg38.10000	0.43996504453863816	1.9111574281282887e-10	4.50316469002728e-09	0.04652586695060806	0.38300935974197975	4.538069957088157e-08	4.1728106678591104e-07	0.010817397512706212	-0.12704627945301813	0.07987828956513553	0.2552043658140347	0.5897676728266856
BATF.hg38.10000	0.33780925788404165	1.759800792399342e-06	1.3821768723636498e-05	0.04699623895905766	0.2651620262191827	0.0002096147823375772	0.0009521056980875495	0.010398975600321072	-0.25595509904142555	0.00035174498750252054	0.0030839037276383778	0.7077437536794179
BATF3.hg38.10000	0.21257988936829977	0.003152650506571685	0.010246114146357977	0.04166572858326574	0.2384079913875069	0.0008961282377073562	0.0033121602511340517	0.009217641842024593	-0.04944078383876443	0.49700134243961225	0.7151507866402054	0.6069814339938006
BCL11A.hg38.10000	0.42342878223422786	1.0407175256568417e-09	1.6347937798859555e-08	0.04261140226607804	0.39989572628731845	9.963931821229015e-09	1.138303726243436e-07	0.01065762597524619	-0.0522375695501662	0.47294921605894835	0.6992229586440138	0.5435366694016055
BCL11B.hg38.10000	0.3020930443075641	2.163991364830319e-05	0.00011997422713838681	0.051661788476789205	0.2795704497057893	8.974433471095605e-05	0.00042827359729152446	0.022671057105495933	0.112506304812256	0.12124106797991366	0.3263241974250263	0.4903055392814304
BCL6.hg38.10000	0.3929882075462101	1.871744240965413e-08	2.2322027576708924e-07	0.042696231210001385	0.37283870791149865	1.0861645222062586e-07	9.306455110721806e-07	0.014586002652287069	-0.2618169834530467	0.00025353838818103455	0.0023313163986402445	0.7517203461489551
BHLHE40.hg38.10000	0.2279795947492029	0.0015142710852590535	0.0054892326840640686	0.053492304968719165	0.21582562293920016	0.0027121314137347795	0.00889107428676532	0.019875240223173923	-0.11940375430489594	0.09991791470977664	0.294289483168639	0.6884965863720597
BPTF.hg38.10000	0.008228510190825994	0.910049827373723	0.9371321993898251	0.045667575763863336	0.025263761325425963	0.7286547454617496	0.8127302930150283	0.009028988548088998	-0.009258185020383964	0.898850582748758	0.9613334749923315	0.49385950634632236
CDX2.hg38.10000	0.07849703402362362	0.28041133061793855	0.4050385886703557	0.04404433801584775	-0.2738129879067426	0.00012667212492756385	0.0005895727296011305	0.010653239625764659	-0.06322015521334676	0.38492693084692453	0.6421126235809317	0.4688075444423695
CEBPA.hg38.10000	0.514059763542162	2.828780323135346e-14	1.5235002597457506e-12	0.046678072764295954	0.5047920370041703	9.60649701600812e-14	4.024054861150068e-12	0.011685495829916426	-0.43785654344300845	2.384335627460695e-10	5.992630210351214e-09	0.8031299424903623
CEBPB.hg38.10000	0.22505541629248377	0.0017470756285593635	0.006213655773272453	0.04479632323173911	0.07411178974421719	0.3082391255032309	0.43686522674706035	0.01202483305832905	-0.1895155166651102	0.00864447989760222	0.046082648082421566	0.784011075685318
CEBPD.hg38.10000	0.37237087863253127	1.1298478630927157e-07	1.0648816109648846e-06	0.04406606724237439	0.3636317400540452	2.3333281359899518e-07	1.912314581017852e-06	0.012172699520831153	-0.2416690411968064	0.0007569570561318832	0.005707456203234399	0.6321094317003237
CEBPG.hg38.10000	0.099531357177828	0.17071021273591105	0.2750331205189678	0.044421940210617544	0.0008212722317362647	0.9910034807779822	0.9928487804869139	0.009769643830984538	-0.13708535441206565	0.05861655637447633	0.2065274930203512	0.8614828705023841
CLOCK.hg38.10000	0.19571434432982784	0.006660431314058188	0.018754831177233994	0.04200266817388515	0.1987983952515518	0.005833686243248415	0.017736288013747197	0.014008099635024219	0.08327362954125316	0.252084800536899	0.4924864805138413	0.49713203605260087
CREB1.hg38.10000	-0.12768754239857621	0.07835598564009208	0.1480188250226661	0.05671036217623979	0.09219705445840284	0.2046094237283193	0.32140730310656823	0.029541818930786737	-0.20599140695049775	0.004251189666735565	0.02744598504038581	0.7163709291069956
CREM.hg38.10000	0.138951858147429	0.05523065123460718	0.11255111089430761	0.054393256083387444	0.22497089404871767	0.0017542659451621433	0.006123687604871556	0.025229586565483606	-0.366555279005633	1.8350535692549083e-07	2.7672607824364015e-06	0.7323717103651146
CTCF.hg38.10000	-0.2145040482415524	0.0028842840354319425	0.009708706083552164	0.05669101568149012	-0.08589782461922087	0.23739463411748685	0.3551499089773514	0.018338910184038618	-0.626252390322656	3.379492944567693e-22	4.2468961336734006e-20	1.958821162840521
CTCFL.hg38.10000	0.0641145899577958	0.37822484475580287	0.5083457150315711	0.05237588630662183	0.07383240566463856	0.3100714158845465	0.43762511358017653	0.017180068120665536	-0.4723569308069685	5.244048257182164e-12	1.7972783572342508e-10	1.2285007803020704
CXXC1.hg38.10000	0.3233066474649106	5.067442867510122e-06	3.351624493072485e-05	0.08691171716418802	0.21323032744172496	0.003059506363905986	0.009698193657443028	0.037642862765989805	0.18269620300187386	0.011417152827788794	0.05816576508211318	0.5757145065062086
DDIT3.hg38.10000	-0.021472986048395887	0.7681095866824775	0.8317264911626175	0.043292801807903125	-0.057611889747456776	0.4285686381662849	0.5629629846295798	0.009314099235209672	-0.10281506019615222	0.15696337234685065	0.3721710149356144	0.6174837404538444
DUX4.hg38.10000	0.12576361370417286	0.08299475427633836	0.15413311508462837	0.04569104329057583	0.09318129852856458	0.19979735485887992	0.3171977655319352	0.008708892926872165	0.009099247930500359	0.900578012829804	0.9613334749923315	0.5807045087939797
E2F1.hg38.10000	0.007934231278017729	0.9132539071108473	0.9371321993898251	0.06434955355382828	0.0910882171658678	0.21013016997036468	0.3260044200774794	0.034139132358096215	-0.06762906438034436	0.35258769947674795	0.614097499174846	0.674835173872023
E2F4.hg38.10000	0.12650942710242116	0.08117099029769867	0.15149239278332868	0.05567802478177511	0.11476118987129386	0.11391292625557413	0.20067837943154884	0.027201746306330994	-0.22966247063217327	0.0013935068559800484	0.01010292470585535	0.648095197895096
E2F6.hg38.10000	0.2814926186200667	7.985471069239451e-05	0.00038596443501324014	0.05640327928941092	0.12016303561312613	0.09776435300755847	0.17920893867354243	0.02287766041241602	-0.043022749604668994	0.5545492946881472	0.7640284895257932	0.5831499559132897
E2F7.hg38.10000	0.0930522585462147	0.20042353176298605	0.31614925303199054	0.04690099429597062	0.08264699600144766	0.255683730585191	0.3750691300802218	0.013968659800024494	-0.045532250097822496	0.5316678696359152	0.7451256016830483	0.5424498022084279
E2F8.hg38.10000	0.23650504012435436	0.0009878444690083895	0.003879347550168363	0.04651504594483578	0.20566993234629025	0.004312692220842725	0.013218576969574855	0.015202038268021708	-0.04586146548369367	0.5287017199426612	0.7449652414868985	0.527897899827926
E4F1.hg38.10000	0.37436009280257854	9.55036442042883e-08	9.475630953445746e-07	0.04240611555794966	0.27253608532213053	0.00013659362973711598	0.0006279975415962528	0.017019861069697325	-0.034064451236933184	0.6399093434783765	0.8261843236005065	0.5153158663152403
EBF1.hg38.10000	0.3178958986802285	7.41652193467155e-06	4.583653720280613e-05	0.04200668266835844	0.3443570113711422	1.072280103599187e-06	7.627350925601765e-06	0.010293271905737743	0.04863882667807236	0.5040154770233185	0.7197493743855723	0.45676159747684875
EBF3.hg38.10000	0.05527739183500515	0.4475445907922103	0.5742177533857111	0.04718329378510487	0.031754034983916025	0.662779589041963	0.7766899340377869	0.00940125083513068	0.006047521182748657	0.9338272636998954	0.9616757538499322	0.5387215044412216
EGR1.hg38.10000	0.10899581490952986	0.13337125920178566	0.23064662715171189	0.047667517133274356	0.12010658550507039	0.09792318664920356	0.17920893867354243	0.0219798297883886	0.17186829085504093	0.017435508337308062	0.08016081272152609	0.5154131617137861
EGR2.hg38.10000	0.21151983553033116	0.0033099590851508884	0.01048617290001584	0.045238347336373864	0.027018865686517332	0.710619102301626	0.806937956529256	0.008558595043743141	0.1643807513347575	0.023065113815802167	0.10111102219252811	0.5813205813403357
EGR3.hg38.10000	0.022268562478661574	0.759775683394166	0.8317264911626175	0.050740882303838775	0.03432230353876401	0.6373773479835002	0.7604153803474037	0.00960151778900662	0.14973987852157655	0.03868393479760763	0.151944920433677	0.7147694801791834
EHF.hg38.10000	-0.012802617677864779	0.8604656498031542	0.8911965658675526	0.05078932130600775	0.08529874028009417	0.24069424563076156	0.3586629668094747	0.015228144682899023	-0.3181267787414138	7.298056673645529e-06	9.171224553214548e-05	0.7274523408708724
ELF1.hg38.10000	0.1372034357004586	0.058397400880345875	0.11836462436500213	0.05728702386034662	0.1634461042971245	0.023867404600140977	0.06121096281804863	0.029310664079252126	-0.18502413150103317	0.010393280260130136	0.05367488572697344	0.7846974550995437
ELF3.hg38.10000	0.13225376959344917	0.06818155734871598	0.13318366383661098	0.047308773394405534	-0.06823831296652728	0.34825699540073285	0.4791711214090375	0.013131989188455323	-0.2552936466050838	0.0003648086509855351	0.0031257468504896986	0.7573590636777102
ELF4.hg38.10000	0.2896313200469079	4.8247192265359314e-05	0.00025262765950056197	0.04513002366630461	0.3108332794005992	1.205971202013083e-05	7.103924111858317e-05	0.0184424327514097	-0.03692218553250809	0.6120859713122486	0.7999276645076628	0.6387670544121947
ELK3.hg38.10000	0.1394869912005427	0.05429028745618622	0.11184392552449292	0.04552566671412574	0.14630765535163992	0.0434228256040473	0.09301366620866951	0.015097778310156807	-0.06903250938177262	0.3426622270091002	0.6008542306159571	0.571720733062561
ELK4.hg38.10000	0.15849529316885322	0.02852922735012148	0.0646931271901271	0.04939766245545145	0.16160346706563755	0.025519632491756178	0.0638107479914863	0.021885769522381096	-0.04619434726669663	0.5257110579158375	0.7449652414868985	0.4840238039306413
EOMES.hg38.10000	0.054505273979675584	0.45392347401677746	0.5781390192713686	0.04129940332587672	0.1296606795593455	0.07381833994522187	0.14198731713953391	0.009157314310710941	-0.002042502917419279	0.9776281075236972	0.9854700442150638	0.5012915564094076
EPAS1.hg38.10000	0.055061681445570484	0.44932158421428325	0.5742177533857111	0.04311582256536515	0.031682970052531206	0.6634881521194942	0.7766899340377869	0.01127336689761132	-0.04528028653970881	0.5339436377213818	0.7455435237813368	0.4573152221802344
ERF.hg38.10000	-0.033949962718000264	0.6410349074242541	0.7323338184816478	0.047908130576451324	-0.11207943700199947	0.12266864417047396	0.21213797638655357	0.014835979835531032	-0.07431896021979946	0.3068850323683682	0.5562291211676674	0.670720917281226
ERG.hg38.10000	0.17269401103256565	0.01689480615327803	0.041629685750234104	0.058243879918039046	0.17087567919254684	0.018105365648566917	0.04740085312159534	0.026061425368077804	-0.17980190632601928	0.012813253887629212	0.06356048310047648	0.6525101888403678
ESR1.hg38.10000	-0.2879213287896193	5.370404595825627e-05	0.0002736003422467921	0.0450137685964424	-0.43379858745572314	3.634270383757396e-10	5.957043194245819e-09	0.01480333917720542	0.07906136964182206	0.276957205080284	0.5194669965933685	0.49893000544515365
ESR2.hg38.10000	0.09792838381161899	0.17773725440031213	0.2839277326649054	0.04257513330093589	-0.047580910274669	0.5133469566783527	0.6387188206856071	0.01016696498383388	-0.023018142420512987	0.7519488235140299	0.8831299266815865	0.46526793990058946
ESRRA.hg38.10000	-0.19569414780328095	0.006666173415780783	0.018754831177233994	0.04946043711620015	-0.35311924642359954	5.428026745862665e-07	4.092732166380449e-06	0.015768838023604737	-0.11236329163091875	0.12171790448501318	0.3263241974250263	0.5143666493565335
ETS1.hg38.10000	0.25651502326467984	0.0003410271389889608	0.001397469906509111	0.054738754955852974	0.250986274127568	0.0004615070106947139	0.0019771379889989447	0.02183170071958612	-0.28638648780011533	5.9091086544364496e-05	0.0006020902601952814	0.7103661154817003
ETV1.hg38.10000	0.05851013572795054	0.4213928173384698	0.5520255433247345	0.05254028596164719	0.14676323201036487	0.0427670831317973	0.09276624250937188	0.022470453672359596	-0.10338529740726352	0.15466346894168168	0.36903878348743036	0.7341333319131551
ETV2.hg38.10000	-0.06152874502980305	0.3977961436078118	0.5299263114492757	0.0395813385035215	-0.325511010033732	4.329920843556011e-06	2.6760330459354364e-05	0.011163387996962293	0.09763108011701267	0.17906371747918445	0.40719333350522635	0.5313597085431545
ETV4.hg38.10000	-0.10556007068879056	0.14612481885847833	0.24484025204287257	0.04800217946519083	-0.06282299641756714	0.3879258287339218	0.5279712542696336	0.018865964559801666	0.05688419971997256	0.43443329095462513	0.6805104771919989	0.6182045261986091
ETV5.hg38.10000	0.22847592884264498	0.001477695401293421	0.005408652099879803	0.0527249568299224	0.06244234535209209	0.39081329391287656	0.5285263361803616	0.022483756754862885	-0.09376665778286003	0.19697464821053043	0.42924533164953743	0.5573012096444949
ETV6.hg38.10000	0.5120178539549557	3.715082299796718e-14	1.7507325337792035e-12	0.05037978050335433	0.49619402688011516	2.8908072121970824e-13	1.0079264504542533e-11	0.011663233469289677	-0.25455000681698897	0.0003800321303793144	0.0031838247367333675	0.7248066878923384
FEZF1.hg38.10000	-0.1583694937323421	0.02865716774735073	0.0646931271901271	0.04193962953520021	-0.18432052737285048	0.010693838984504387	0.03054951923196933	0.01056640394934634	0.019460820367792637	0.7893046244187772	0.9017207375935729	0.47134050167027086
FLI1.hg38.10000	0.32078016573069623	6.059313909554955e-06	3.9385540412107204e-05	0.047541446515148696	0.388110838648516	2.8962652547597e-08	2.951059462282181e-07	0.015623766301910272	-0.19414148172345208	0.007121051140874863	0.04092462485490321	0.7464321404127158
FOS.hg38.10000	0.1497505441242647	0.03866991725189247	0.08486368591878898	0.051665182307432146	0.011294419688394747	0.8767643218080843	0.9178651676071458	0.013600263569992077	-0.14603918041363342	0.04381319103071241	0.1684327007904185	0.7891848096778661
FOSB.hg38.10000	0.17473436439588413	0.015620910785418355	0.03926055577401814	0.041239081745648956	0.07635869492120928	0.29376200027200233	0.4210960992492201	0.009168612607524463	-0.15346337440195718	0.03404354618102053	0.13800448290585743	0.7353642452638862
FOSL1.hg38.10000	0.022608552734302814	0.7562225416634769	0.8317264911626175	0.05046010775655354	-0.07138867544396647	0.3264016930637841	0.45407172798910184	0.013241146432289515	-0.06261781031012469	0.38948068203672825	0.6434316006299758	0.8495242367198332
FOSL2.hg38.10000	0.006394528734227269	0.930039669228713	0.9502031308922081	0.05458577855431262	-0.12709695370698024	0.07975713191665541	0.1518608016796924	0.014410032022302203	0.0762544644587341	0.29442339496074615	0.5388233975737927	0.7758864514371795
FOXA1.hg38.10000	-0.37626052050380887	8.124933855625601e-08	8.50861128769681e-07	0.06117534349464206	-0.43851552389508697	2.2254232951462645e-10	3.995164677476865e-09	0.021683113597835185	0.2148245735617269	0.002841646033331168	0.01947819190119728	0.6689628828193303
FOXA2.hg38.10000	-0.21336657660266964	0.003040313447878984	0.009966940607394581	0.04763804765664917	-0.290407391863085	4.5946652382726654e-05	0.00023728613627791708	0.015361445184745927	0.08693802725240093	0.2317410230550134	0.4748172048464133	0.6680411621371518
FOXA3.hg38.10000	-0.12236765499879874	0.09171937264722846	0.1695009974902212	0.04577223748415751	-0.24306940179088096	0.0007035453899109778	0.002821666085068496	0.01105356603492911	0.07018152611131778	0.3346694072409194	0.5895811520085357	0.7178443618919611
FOXH1.hg38.10000	0.08783659714267185	0.22693411371945732	0.3435910075190177	0.042352910536313015	0.21173246244472538	0.0032778487146539604	0.010297908045204526	0.009721944483820565	-0.02974057988378944	0.682968815278846	0.8414354358174018	0.5726782956435059
FOXK1.hg38.10000	-0.1315496819030938	0.06967618886190577	0.13470729846635116	0.05239954553086346	-0.03986687603722861	0.583985673737995	0.7148136331143641	0.011440041557725995	-0.07684268858288827	0.29070377907692546	0.5388233975737927	0.47205968350810684
FOXK2.hg38.10000	0.20712388771172469	0.004040766646687164	0.012486631359025089	0.04647729424310715	0.1576369872065738	0.029411917834462408	0.0701790697695717	0.014246163695935758	0.1273672378890722	0.0791134071868933	0.25492097871332287	0.5808841768101829
FOXM1.hg38.10000	-0.42913749617809216	5.857453635671205e-10	1.051552390784783e-08	0.04613110252888987	-0.30152316263291484	2.2466309865243742e-05	0.00012641490774920733	0.020159248083940172	-0.2882649106875669	5.2563085020363625e-05	0.000550452307018808	0.7902523745513398
FOXO1.hg38.10000	0.3543878412854783	4.910109388524834e-07	4.113580532164139e-06	0.04463130677635727	0.3773337070112538	7.41273647834507e-08	6.653813457943075e-07	0.010607035916391186	-0.016166911442765667	0.8243302297540167	0.9322399388969098	0.537704291254482
FOXO3.hg38.10000	0.14650465429610807	0.04313824479184908	0.09346619704900633	0.04523750597737542	-0.0038831981009051146	0.9574811037982875	0.9625876696852117	0.015574423266372856	-0.2933917850159151	3.802630324264896e-05	0.0004095976092136759	0.7434286199275782
FOXP1.hg38.10000	-0.022114668614101454	0.7613856445558104	0.8317264911626175	0.04604035800898427	0.10466141619976443	0.1496087021874249	0.24846907808219904	0.020148448385810917	-0.17817164550611325	0.01366385461910985	0.06604196399236427	0.6634248729440252
FOXP3.hg38.10000	0.37248088062954965	1.1194273183817117e-07	1.0648816109648846e-06	0.043256630574143945	0.46103776131370744	1.9235953100445446e-11	4.834636212578622e-10	0.013056256438323904	-0.0877869111179174	0.22719805312296348	0.4709507693714311	0.5626364902438783
GABPA.hg38.10000	0.08709926827329195	0.23087322359791576	0.3480076618818385	0.05141505338004401	0.19567689902178545	0.006671080935161026	0.019960297718696087	0.029381826074238147	-0.10477334896333403	0.1491713673550897	0.36282326124431497	0.7222278474831227
GATA1.hg38.10000	0.2960724836191549	3.202538659938128e-05	0.0001724795821138106	0.04326583743203684	0.3987257476899971	1.1098157885023354e-08	1.2245815119709429e-07	0.010293114324692366	0.03321361627672619	0.6482935920343258	0.8331694883288799	0.601633855555852
GATA2.hg38.10000	-0.05827639760267434	0.4232533200548517	0.5520255433247345	0.0469517374861873	-0.14198164913772857	0.05007976604439908	0.10260908586270898	0.014403180081523002	0.03716857896154425	0.6097120823556756	0.7999276645076628	0.5303854716537931
GATA3.hg38.10000	-0.319834756583812	6.4758215305244064e-06	4.137940198318138e-05	0.05444641658231347	-0.3481197130633589	8.024857127024567e-07	5.932100268408356e-06	0.016999261396971197	0.20576062845101437	0.004295260258309715	0.02744598504038581	0.6000155490299888
GATA4.hg38.10000	0.13461595638483526	0.0633571009848514	0.12473205372480638	0.04904780048047568	0.054947751568077956	0.4502617231795367	0.5793469953538749	0.010291966011556325	-0.05651484565032429	0.4374275238239328	0.6805104771919989	0.5280997693628297
GATA6.hg38.10000	0.23328293401697386	0.001163009121501623	0.004520148853671257	0.04681268311507955	0.12535961555385985	0.08399633408020925	0.1567654353873212	0.010343471099575164	-0.05654212242087892	0.43720599780087976	0.6805104771919989	0.5307293334920544
GFI1.hg38.10000	0.335796640613896	2.044634494827987e-06	1.4823600087502904e-05	0.04407249007716657	0.32625134196102096	4.105994307177467e-06	2.5799330896765085e-05	0.009575493334532625	0.02247479131023791	0.7576198389386988	0.8842807408046113	0.5030077090787054
GFI1B.hg38.10000	0.11681224327812785	0.1075520191510783	0.195879764347616	0.04652702263368177	0.20655316375598756	0.00414560944924856	0.012810612806284483	0.014111919953761964	-0.030746070531849263	0.6728573620477539	0.8344316628026421	0.5034978888948378
GLIS1.hg38.10000	0.008670022930270733	0.9052454171472437	0.9350069103137285	0.04958222181057219	-0.15342212402667763	0.034092245365452585	0.07983090995512811	0.009994929800728134	0.17821640327103977	0.013639857104386704	0.06604196399236427	0.6141230550224178
GLIS2.hg38.10000	0.1428809312128287	0.048630132113516175	0.10242212182567373	0.058411687172624405	0.023766858363029286	0.7441561670324126	0.8228883703868375	0.021386280064132037	0.0059689384890441975	0.9346852048899864	0.9616757538499322	0.626443417944214
GLIS3.hg38.10000	-0.14336486720849206	0.047864608824074284	0.10137616588020228	0.06952712968341263	-0.12985819826735054	0.07337608716202997	0.14186043517992458	0.009571975965050177	-0.08781314152114988	0.22705868635631793	0.4709507693714311	0.6148141056152888
GMEB2.hg38.10000	0.09736955875502111	0.18023655794579457	0.2867054107407787	0.05958944172664566	0.1488499452175744	0.03986873706061324	0.08893795190444491	0.03149967697381877	0.02713022102943396	0.7094800838306201	0.8565213530185374	0.5242459394676368
GRHL2.hg38.10000	-0.6222308032780985	7.399597650500857e-22	9.29882771412941e-20	0.05090545097601523	-0.5350235403917821	1.5465429845729215e-15	8.329238645485591e-14	0.017802174573711676	0.40830791850102705	4.533269385951006e-09	1.0053191520608997e-07	0.7360653349880087
HAND2.hg38.10000	-0.020622294942796455	0.777050324026749	0.8317264911626175	0.04199375699568035	-0.058858806279287114	0.41862634228382223	0.5576913246881389	0.009079066298358064	-0.010268688281884446	0.8878792386168397	0.9613334749923315	0.5309190220622492
HES1.hg38.10000	0.0394453219069284	0.5879717084234045	0.6892796970580108	0.05397358364354443	-0.040122699212267826	0.5815728216292542	0.7141790024567715	0.010960060948233206	0.06200349352405169	0.3941582707581923	0.646076817721037	0.5968152178026797
HES2.hg38.10000	0.048418887050305025	0.5059481425301866	0.621350635046913	0.046539795830860355	-0.08836744385521306	0.22412771142512533	0.34038291667765735	0.01217778621274077	-0.08465715605810947	0.2442633298172361	0.48511204985801926	0.6730071984529181
HEY1.hg38.10000	0.40234901363228476	7.93715913571595e-09	1.0686817836303262e-07	0.07357672430641252	0.14984973461758702	0.03853975852531846	0.0864988252868239	0.03102293712391854	-0.09906677870936637	0.17272521864910378	0.3994932971209333	0.6153342176739917
HIC1.hg38.10000	0.4552603473663622	3.66713325596853e-11	9.875065982143828e-10	0.04224083671480223	0.45169010909688834	5.431022336090482e-11	1.2044090710035953e-09	0.01205901418543331	0.10712669965737265	0.14019911690049922	0.3498655583188019	0.517639822764186
HIF1A.hg38.10000	-0.05810319650874582	0.4246350333267189	0.5520255433247345	0.04755744967602161	0.02641133619060637	0.7168445658316749	0.8093943017277708	0.016964089939153906	-0.0729954934136865	0.31560276715123164	0.5665821105524492	0.4892486544284884
HIF3A.hg38.10000	-0.28337816541370525	7.115402265916734e-05	0.0003529614018750801	0.04445730142284338	-0.24218104216936956	0.0007370098677598629	0.0028989433667007997	0.013504451725072166	-0.08326716890368228	0.25212172609859784	0.4924864805138413	0.6177247626926088
HLF.hg38.10000	0.11802154964084335	0.10393446853838874	0.19021016815035222	0.0363269963819612	0.004042970287489584	0.9557334322235578	0.9625876696852117	0.010159165698615044	-0.13182638974084168	0.06908564357168549	0.23464223086959848	0.7397788741900106
HMBOX1.hg38.10000	0.20565952158551967	0.004314697254640025	0.012808195787395981	0.04694539607930834	0.19680381832927504	0.006357144033392129	0.01917314640471066	0.011488213489450606	-0.087522789556572	0.22860475011928885	0.4709507693714311	0.605277747647214
HMG20A.hg38.10000	0.12761603217354975	0.07852457560884145	0.1480188250226661	0.04689064831661901	0.02304462751127219	0.7516727322082655	0.8261825657216212	0.010689572263669166	-0.01998535124373637	0.7837638856294971	0.900850563665611	0.6732358295064674
HMGA1.hg38.10000	-0.29973261208134144	2.5260968054072554e-05	0.00013802007183167178	0.10911035846710786	-0.3876267336185342	3.023353410246967e-08	2.9888048422258977e-07	0.015155686460675326	0.06548234786167605	0.36811498858760805	0.6279608628847432	0.6429410119411348
HNF1A.hg38.10000	0.014838017313146929	0.8385640402388027	0.8733111689779797	0.046193580589468396	0.026111179117492323	0.7199272619293753	0.8096822073022675	0.009821385013306242	-0.006452089435943024	0.9294115426714978	0.9616757538499322	0.4730841967344065
HNF1B.hg38.10000	0.13656487986653196	0.05959063248610254	0.12013726442385378	0.04202277252007351	0.0364135709351487	0.616999020263228	0.7455404828180671	0.010435621090477566	-0.1232984361001146	0.08925837677336504	0.2713742584157953	0.505647043393324
HNF4A.hg38.10000	0.12921373158496122	0.07482705840284568	0.14319695948158792	0.044934011976713865	0.07689761915963018	0.29035803552167627	0.4178052648537097	0.00972637000057773	0.024540326457179556	0.7361330986120382	0.874616201785576	0.4958675606084228
HNF4G.hg38.10000	-0.10096865639070696	0.16458689099082194	0.26745369786008566	0.049824969708937475	-0.29652735422348153	3.1100258975528865e-05	0.0001699246033880345	0.012799905773138947	-0.06338746102084374	0.3836678457667808	0.6421126235809317	0.5702422309201212
HOMEZ.hg38.10000	-0.15976062301866828	0.02726927998677431	0.06230617306069039	0.04479682271985536	-0.17823146252807992	0.013631791176595933	0.03751230126698297	0.010930990580308123	-0.2160559808372478	0.002683095776938782	0.018731983479739273	0.7664401272544951
HOXA2.hg38.10000	-0.07987590244700168	0.2720226122793868	0.3959556943217329	0.05133316339120692	-0.03329471064498853	0.6474925449789168	0.7690422272425993	0.014413882752295503	-0.025117212897831632	0.7301676172150207	0.8738831482224215	0.49028395590064966
HOXA6.hg38.10000	0.17085532254354438	0.018119333975843685	0.04378839044162224	0.05338250637226455	0.015084140945719532	0.8359237024794345	0.8927570420247785	0.02030718470603378	0.015618355758922781	0.8301991570252933	0.9322399388969098	0.5035006010525441
HOXA9.hg38.10000	-0.08694612080576966	0.231697408839102	0.3480076618818385	0.05038400843195828	-0.058670690133242394	0.42011760268284204	0.5576913246881389	0.00985224962276153	-0.05387108619767074	0.45920066721167097	0.68971574318247	0.5343652938920685
HOXB13.hg38.10000	-0.30742765408983835	1.5178828405500543e-05	8.7454277640218e-05	0.04974269823584513	-0.305695301767734	1.7044443915555565e-05	9.885777471022226e-05	0.011930111639660526	-0.07149907170295651	0.32565222157499707	0.5791079600649712	0.5021198924829094
HOXC5.hg38.10000	-0.20332625326288506	0.004785798076302292	0.014095670896609094	0.04160291784639466	-0.09677488494333675	0.18292453777195566	0.2947117552992619	0.011387868897327773	-0.0955305271934403	0.1886443009741002	0.42082190217299276	0.7351728049794964
HOXC9.hg38.10000	-0.17357701947124016	0.016332801471309884	0.04077792155419753	0.04184171046625064	-0.09135684080597341	0.20878301437263083	0.3260044200774794	0.008970435306506984	0.031984688981534025	0.6604818849123717	0.8331694883288799	0.5516637569387578
HSF1.hg38.10000	0.16406445762704286	0.023333976237013557	0.05514722841756481	0.04600174261457061	-0.05518103026500439	0.4483379143428542	0.5793469953538749	0.012904903405083608	-0.03146428751679702	0.6656704290887923	0.8337466836095504	0.5028849714023218
IKZF1.hg38.10000	0.3567726897976611	4.061670655027744e-07	3.480113265785135e-06	0.04965974107620208	0.2860074850782478	6.04973782102261e-05	0.00030410015447006984	0.014802770109372069	-0.010773879238882773	0.8824020721878284	0.9613334749923315	0.48144993428814276
IKZF2.hg38.10000	0.38223373656792886	4.855496530024692e-08	5.230063405198026e-07	0.04596195457977292	0.4549147572630073	3.809978011142274e-11	8.977260688753984e-10	0.009681379911138715	-0.11888555917309089	0.10140910445889481	0.29636614248839804	0.547192433042014
IKZF5.hg38.10000	-0.19851945036945112	0.005904494652514632	0.016863594575742546	0.04207346011831891	-0.10795745965171383	0.13713213426522208	0.2339312878642024	0.014211749181601325	-0.24982966810929846	0.0004912447332939177	0.00394040988195334	0.8024300169290709
IRF1.hg38.10000	0.40060972093235103	9.327579953611704e-09	1.1721658808372042e-07	0.05286471605749049	0.48528485554258916	1.1198031933853381e-12	3.5180483658856036e-11	0.014815997463663117	-0.51946452932842	1.362829807865535e-14	8.563113959421779e-13	0.7809595704513087
IRF2.hg38.10000	0.022044814619271182	0.7621167611045746	0.8317264911626175	0.04787653498904333	0.15862618112150761	0.028396630233139257	0.06869354439080211	0.01831194766358668	-0.47874530308519797	2.4651192861430788e-12	9.293499708759406e-11	0.8800893815096572
IRF3.hg38.10000	0.020458198796160065	0.7787783856244137	0.8317264911626175	0.04331578356224133	0.14251574607565942	0.049214535655341	0.101387322087779	0.012113622813762319	-0.024216249433337608	0.739491284664326	0.874616201785576	0.5774757606683988
IRF4.hg38.10000	0.42968197175035766	5.541875153984511e-10	1.0446434665260802e-08	0.046127279795748294	0.3873738164000364	3.091867078164722e-08	2.9888048422258977e-07	0.00991517766360199	-0.4862059430806883	1.0006599256168082e-12	4.715609899469209e-11	0.7794324415978434
ISL1.hg38.10000	-0.0365602626383903	0.6155802675572908	0.7097056907311884	0.049596726711894225	0.05524855047143642	0.4477819523294856	0.5793469953538749	0.00887208501416006	0.054033591393400235	0.45784519187526396	0.68971574318247	0.5558341892405747
JUN.hg38.10000	0.10234913321029394	0.15886158483090473	0.2615319540665986	0.05615488264912215	0.018713750304257346	0.7972143137369334	0.8611742013719883	0.017438833553336586	-0.05734797657767714	0.4306902879189797	0.6805104771919989	0.7046485191499086
JUNB.hg38.10000	-0.020672439596182892	0.7765224791475891	0.8317264911626175	0.053631324655144835	-0.1482195665875731	0.0407263417146503	0.09031665192013626	0.013232317645802082	-0.03113612638794042	0.6689504869090535	0.8344316628026421	0.6815670686555413
JUND.hg38.10000	-0.028237340610164474	0.6981910953524271	0.7810624419817953	0.055969347364928985	-0.159201561311926	0.027819965584470644	0.06810472094380152	0.01545948547152404	-0.024514418252671182	0.7364013845440598	0.874616201785576	0.8432511635341032
KDM2B.hg38.10000	0.17788505962611637	0.013818390392623083	0.03643030194418813	0.07439015869107665	0.11870509708437936	0.10193252149430501	0.1838687110208277	0.02784440921709237	-0.027442592545590283	0.7062883779115221	0.8565213530185374	0.6710641199580946
KLF1.hg38.10000	0.029672489638866206	0.6836556166976191	0.7693676641641862	0.05350740599889001	0.06099754236806451	0.40189031859705593	0.5411166075396074	0.015350398729206842	0.014443117831902453	0.8428041565409009	0.9372777788080225	0.500947372636808
KLF10.hg38.10000	-0.051413540377785935	0.4799690460529362	0.5971892091153694	0.05325467910725228	0.12550660416152132	0.08363080697808702	0.1567654353873212	0.025789149174207212	-0.03717476789213852	0.6096525070998593	0.7999276645076628	0.5638134885910642
KLF11.hg38.10000	-0.05519390213332282	0.44823189726676216	0.5742177533857111	0.051010915732525156	0.09568708362175025	0.18791756871072748	0.3014677591657203	0.023201017418551927	0.12893906059117424	0.07545248559997546	0.24733993411040142	0.523379847692768
KLF15.hg38.10000	-0.18391074437504146	0.01087239667505817	0.02970212714852848	0.056355311353629534	-0.04764487555636832	0.512780219371298	0.6387188206856071	0.01954250370728906	-0.13131040479326003	0.07019015886360765	0.2362650883176793	0.6087181339037849
KLF16.hg38.10000	0.030907767749311733	0.6712367006685512	0.7618619231612755	0.049341362030006594	0.11882247372075574	0.1015918372438874	0.1838687110208277	0.01470195591396476	-0.44159419712704834	1.6092141516788563e-10	4.333383822735206e-09	0.9712905277963376
KLF4.hg38.10000	0.020981279384168293	0.7732737596258759	0.8317264911626175	0.0479546938297139	0.027402802186932928	0.7066946589696302	0.8049060013037782	0.015525721970317551	0.05303000048628415	0.46625179078984325	0.6943033517968955	0.44964772482150883
KLF5.hg38.10000	-0.02156206036748532	0.7671751633898782	0.8317264911626175	0.04393195994599067	0.020950710842151644	0.7735951388269605	0.8453488908340989	0.022653303525998217	0.05417801246578222	0.45664243015979533	0.68971574318247	0.5051694398559943
KLF6.hg38.10000	0.16343692626485126	0.023875400493100895	0.055561888801845906	0.054670349869311276	0.16137905249701423	0.025727410330784926	0.0638107479914863	0.021104681214418927	-0.08797458867080735	0.2262022206164666	0.4709507693714311	0.7098350463585392
KLF9.hg38.10000	-0.0840543458834814	0.24765015485715244	0.3661337583574371	0.0545528669526417	0.05038520231974287	0.4888078361722127	0.6183911216004168	0.025848196097386467	-0.036805960941943335	0.6132071486544153	0.7999276645076628	0.669415691897936
KMT2A.hg38.10000	0.2888220436985975	5.076127353970243e-05	0.0002621506866365454	0.07263844940103263	0.18301627882836202	0.011271306039032878	0.03171106251280145	0.033286878172237015	0.03214969577533042	0.6588400825542943	0.8331694883288799	0.522751998901079
LEF1.hg38.10000	0.0217801326782458	0.764888921940342	0.8317264911626175	0.0538566750286468	0.20908743239721725	0.0036980504612174354	0.011522024990735315	0.018141476292533095	0.11531653008332073	0.11216233304136429	0.31379167308295053	0.535971116951464
LYL1.hg38.10000	0.6300112824313268	1.607759221970479e-22	6.061252266828706e-20	0.04586611793034084	0.6071454268693854	1.2680918663559273e-20	4.780706336161846e-18	0.012352592147188816	-0.47930320314767416	2.3061351479250903e-12	9.293499708759406e-11	0.638070985350446
MAF.hg38.10000	0.4829153547933736	1.4933198924053376e-12	5.6298159943681227e-11	0.04903391345036758	0.42131482102956064	1.2840871072841866e-09	1.8619263055620707e-08	0.01266186281224825	0.04576417494893217	0.5295774130463894	0.7449652414868985	0.5017156092798009
MAFF.hg38.10000	0.13503328262721653	0.06253457437025767	0.12473205372480638	0.0409800978392171	-0.011096177950336104	0.8789106777352245	0.9178651676071458	0.008877215248870387	-0.29503696172740207	3.422909904978552e-05	0.0003916967966449279	0.7826467922404411
MAFG.hg38.10000	0.33660629137148407	1.9251337925709004e-06	1.4230890976455479e-05	0.04251266044155329	0.1359251663905199	0.06080607544650357	0.12002036881325576	0.008470369832584862	-0.3931026934622789	1.8525041754164584e-08	3.8799670785111385e-07	0.7872777708928387
MAFK.hg38.10000	0.2596862198474185	0.000285830788263216	0.001224525081536732	0.04227340006788944	0.07463397487713117	0.3048335573177866	0.4336688721087002	0.00827284902975717	-0.37630778053206276	8.092232719984478e-08	1.326422493667021e-06	0.823569388585556
MAX.hg38.10000	0.04706768495444782	0.5179058571733457	0.6288635184761625	0.06283132868188182	0.10374114778968892	0.15324116285750033	0.25338560700560364	0.02956082698496618	-0.08753635196840195	0.22853236794700874	0.4709507693714311	0.6550461113038352
MAZ.hg38.10000	-0.037331447583870365	0.608145148775352	0.7032844205162813	0.05489011250043142	0.032761401509635434	0.6527679382430551	0.7690422272425993	0.022760344340325873	0.20293332157557578	0.004869526730069745	0.03009527175797203	0.5681786131575441
MBD2.hg38.10000	0.026778902485195703	0.7130757873929092	0.7930075865696955	0.05568849360026351	-0.02006733748846043	0.7828988205566452	0.850584597550015	0.015083825051345914	0.10681413430195068	0.14136649540712137	0.3498655583188019	0.5275108413391353
MECOM.hg38.10000	0.6253032607739933	4.0702815408512133e-22	7.672480704504538e-20	0.057119366430651956	0.5633575213955286	2.177732644505494e-17	2.736684023261904e-15	0.014892729278827206	-0.2612851084614933	0.0002612649320316057	0.002345163794664651	0.6199134918511316
MECP2.hg38.10000	0.1599274896677428	0.02710673253107694	0.06230617306069039	0.044533688144045985	0.13925330792744312	0.05469928509183377	0.11027609882150445	0.00919448761608469	-0.042974564454794306	0.554993274711931	0.7640284895257932	0.583908226499032
MEF2A.hg38.10000	0.2057943210556532	0.004288800639440976	0.012808195787395981	0.044605447158434224	0.12582903884275123	0.08283346122255009	0.1561410744045069	0.008738581380040654	0.021067472495446046	0.7723677850908384	0.8931983281571966	0.5561557350574337
MEF2B.hg38.10000	0.23895292969788878	0.0008713448718365247	0.003457863333498629	0.044506421175789	0.25629605274923034	0.0003451819777220091	0.0015309835953082052	0.01003404281569594	-0.163776558932625	0.023581043789236627	0.10218452308669204	0.5380044347806635
MEF2C.hg38.10000	0.21416010956103848	0.0029306802526075605	0.009777579249850003	0.038658303525380584	0.11936798915938875	0.10002027416224783	0.18216252830515667	0.008598827785461375	0.02722934701178915	0.7084666971433058	0.8565213530185374	0.5015681414678339
MEIS1.hg38.10000	0.334496599853495	2.251422584715601e-06	1.6014836121467577e-05	0.04289192143357484	0.34125862113893063	1.3574716217505087e-06	9.304850934544396e-06	0.008799281805228735	-0.19175031394320044	0.00787573986219704	0.04303121634852586	0.6029196448991155
MEIS2.hg38.10000	0.06620525507488925	0.36283965199928814	0.49205233382637276	0.04487968369427996	0.09884424667744648	0.17369662852468848	0.2834789132199461	0.010093847861796089	-0.03734673129424935	0.6079981980072249	0.7999276645076628	0.5293615104498293
MITF.hg38.10000	0.2292574345706086	0.0014217389729206799	0.005306887057337587	0.03940222957810202	0.18372031315854231	0.010956265588049768	0.03105648215559972	0.012842422280640432	0.11664498396445074	0.10806005668675485	0.3109819951977601	0.5335379198566076
MIXL1.hg38.10000	-0.16539578504603666	0.022220243659194967	0.05303444236296281	0.04453511410577959	-0.14399665536048412	0.04688034775251268	0.09859576338243389	0.013055103973536078	-0.3203472472399288	6.246780628053011e-06	8.120814816468913e-05	0.8594341349816971
MLX.hg38.10000	0.053499329015750705	0.4623099092032664	0.5848685764081593	0.046580004172701646	-0.034542943372723414	0.635214089570415	0.7604153803474037	0.012410389203280197	-0.12865462773430508	0.07610459511089275	0.24733993411040142	0.6969353436524697
MNT.hg38.10000	0.21843179669148935	0.0023996608066921693	0.008224292037481344	0.04821174436647228	0.16230207959494744	0.02488200603396414	0.063021087975154	0.01960931705177019	0.090445724562939	0.21337757865572665	0.456826366818396	0.5012349506653319
MSC.hg38.10000	0.1391415981170307	0.05489570080588128	0.11247651741205023	0.04184837327960709	0.14761939852807415	0.04155720795058741	0.09162027717761084	0.01324509025234004	-0.48792567842521734	8.103610020991272e-13	4.364372825591014e-11	0.7843303922448182
MXI1.hg38.10000	0.2907756393864203	4.4891514810846684e-05	0.000238367620897031	0.06098228119025875	0.17687320530954811	0.014376325488278757	0.039274454413631095	0.02883856748499904	-0.030890579066406985	0.671408907799655	0.8344316628026421	0.584588196769319
MYB.hg38.10000	0.33743686672465334	1.8094771624592318e-06	1.3921895719329192e-05	0.045361458324097166	0.37688322336933744	7.704065133902171e-08	6.754494315072369e-07	0.01317791020963519	-0.11149515894424364	0.1246437252764026	0.3263241974250263	0.5991875890776363
MYBL2.hg38.10000	0.029929711015495915	0.6810624856751916	0.768744182932776	0.044137937463106326	-0.0240126357642742	0.7416037202842553	0.8228883703868375	0.013763124554937221	-0.13735541748776042	0.05811632128177531	0.2065274930203512	0.6776696825729881
MYC.hg38.10000	0.14577089145187974	0.044206218451442715	0.0952328248925366	0.06875522594181122	0.15370240265599902	0.03376251508895282	0.07955292617834507	0.031705919582087565	-0.09022956658718474	0.21447816160969785	0.456826366818396	0.6339161041217093
MYCN.hg38.10000	0.10570253180458648	0.14557823143813606	0.24484025204287257	0.06193824915974097	0.1438501019599346	0.04710714495096786	0.09859576338243389	0.026374739583633507	-0.21807627171463007	0.0024402675561318215	0.017358129597390505	0.7560818742365734
MYF5.hg38.10000	0.1950444620795458	0.006853257693955465	0.019138356671268224	0.045222100941942414	0.17116109481261962	0.01791050202257581	0.04721859624133623	0.01157915058875037	0.1066485608327036	0.14198787910550847	0.3498655583188019	0.48369513252963847
MYNN.hg38.10000	0.27282707890238905	0.0001342707302725954	0.0006173178696679081	0.03806163385495974	0.14370253982323622	0.04733642751252131	0.09859576338243389	0.01134344165661095	-0.2941538533156567	3.622056406722741e-05	0.0004016221368630804	0.6521535214354786
MYOD1.hg38.10000	0.10171950892483635	0.16145402341815304	0.26464420360279867	0.04853977424888924	0.21829795933605933	0.002414874642089188	0.00810701870840174	0.011467742819510051	0.008339300412351059	0.9088439274962091	0.9616757538499322	0.48918730169154107
MYOG.hg38.10000	0.11166130553693304	0.12407960000973317	0.21588384678200695	0.04100139320384585	0.15859821726395543	0.028424914920331907	0.06869354439080211	0.009271848929768102	0.03245053635292064	0.6558509452891362	0.8331694883288799	0.5089691833581655
MYRF.hg38.10000	0.0828327941345702	0.254612965741665	0.37349839721637235	0.04884475941640887	-0.0094917841843964	0.8963125423744522	0.9273060932427061	0.018057514828680017	-0.1239738267364201	0.08750589140570791	0.27040754967173675	0.7416771714194894
NANOG.hg38.10000	0.04238038077376739	0.560482228906497	0.6665671933682945	0.04234641891615954	0.11586876473608128	0.11044247110010055	0.19547798875463807	0.00908471964765685	0.010737316100324726	0.8827982974978426	0.9613334749923315	0.5404286688657205
NEUROD1.hg38.10000	0.12844922448303098	0.07657834627921334	0.14580826539021935	0.04461937674634239	0.2524706513379581	0.00042578244154452093	0.0018488902549941668	0.011425978878785879	0.052848640139601936	0.46777997707270946	0.6943033517968955	0.5277241101566152
NEUROG2.hg38.10000	0.1554111478094504	0.031810265202194786	0.07054394106604372	0.044175106058875	0.028693080772943153	0.6935630491403242	0.7947515791060857	0.009285666159575318	0.09431435171673558	0.1943599043619055	0.42924533164953743	0.4914388623747624
NFATC1.hg38.10000	0.3534195697851414	5.300892804298491e-07	4.296555538618202e-06	0.06129137424984339	0.15768977350071872	0.02935696708871357	0.0701790697695717	0.02726974252089	0.13038018534003984	0.07221767727494866	0.2409386224128818	0.5338417175147526
NFATC3.hg38.10000	0.202417434034692	0.00498145098999667	0.014446207870990341	0.04089001180704361	0.22381697091456568	0.0018551671750558563	0.006416495642165668	0.010371667976228103	0.0013099507640989157	0.9856507814883604	0.988272193141255	0.5647692335743583
NFE2.hg38.10000	0.43361552681060894	3.7035482276893663e-10	8.213162834346418e-09	0.04956037826719335	0.36565278046631505	1.9768109992987398e-07	1.6561283260791666e-06	0.012252544367460037	-0.3895642392917907	2.544858671724731e-08	5.049535364422229e-07	0.8616080036692186
NFE2L2.hg38.10000	0.17329832514232887	0.016508394684371156	0.04094516313163109	0.045570480151077265	-0.007922922743180582	0.9133770615698458	0.9306571681400861	0.009312029485152395	-0.37714472613569533	7.533638370772727e-08	1.2909916662642354e-06	0.7337042052107824
NFIA.hg38.10000	-0.21930587927145173	0.0023024220973750695	0.0080371586176889	0.04375791524512363	-0.41496138663450644	2.3939019175463818e-09	3.342596381166614e-08	0.010919873301260796	0.21076896782853904	0.0034256399755445495	0.02306189769250527	0.6367355663435285
NFIB.hg38.10000	-0.30825331044882653	1.435924443417546e-05	8.458492424506483e-05	0.048534763342738665	-0.5430990640093114	4.779445059139801e-16	3.0030846454928415e-14	0.010237381634402161	0.1820558808086177	0.011713919926865851	0.05888197083237901	0.9326501195929142
NFIC.hg38.10000	-0.20620801529385122	0.004210195638800333	0.012697950046621803	0.045076151321282704	-0.3550629378729383	4.65412152812422e-07	3.733199608729428e-06	0.013814712861014782	0.19399776008745145	0.007164523184147511	0.04092462485490321	0.6225561703789919
NFIL3.hg38.10000	-0.0017218459301899653	0.981139610255042	0.9890097140806172	0.04122178923474663	-0.09294574561157716	0.20094146402273683	0.3171977655319352	0.010143583888713507	-0.18942020959309683	0.008678694996954724	0.046082648082421566	0.7040249351731925
NFKB1.hg38.10000	-0.07103286165334136	0.328824845459347	0.4608437425210922	0.039592411239078695	0.049311526331198785	0.49812836459063514	0.6280200174565391	0.011850690979368727	-0.050227591533156556	0.4901701834273733	0.7107467659696912	0.5843393735717853
NFKB2.hg38.10000	0.3072991511434438	1.5310297942319332e-05	8.7454277640218e-05	0.041385198185917356	0.28197026173879824	7.756090471312092e-05	0.00038243010553098283	0.010255398591864926	-0.12151210390495713	0.09402888792612228	0.28134040276308014	0.533728000067662
NFYA.hg38.10000	0.2309287299289803	0.00130852045872499	0.00498968351388658	0.06292527633830328	0.29147789393205026	4.294223928569733e-05	0.00022485033625983187	0.026934746940529677	0.12550773987347316	0.08362798770459723	0.2605599286333319	0.5666761025155789
NFYC.hg38.10000	-0.14368632175898416	0.047361683885073246	0.10087771087385658	0.05106441567441778	0.08698199816741799	0.2315041439791183	0.34771737960210203	0.022472672710157682	0.004202051209058321	0.9539935317843367	0.9720420580613376	0.5261359340436068
NKX2-1.hg38.10000	0.030737395676315966	0.6729443512273335	0.7618619231612755	0.05036289069449461	-0.11754759608392439	0.10534066668805789	0.18732750632734824	0.010345093780464297	-0.030156576283451357	0.6787784822627883	0.839014714141217	0.5676447045432509
NKX2-5.hg38.10000	0.17231617023727136	0.017140386724864527	0.041960557112168353	0.04661833617265105	0.2169858651335377	0.002568730692886772	0.008494837466827308	0.009398475949955498	0.006099380394803966	0.9332611227952277	0.9616757538499322	0.49264928499774685
NKX3-1.hg38.10000	-0.11410892140786363	0.11599623888433933	0.20627633046884872	0.05316418666384364	-0.2976278383766502	2.8965180171710953e-05	0.00016058636654022102	0.013461214857577989	0.04294252202260591	0.5552886104245818	0.7640284895257932	0.5603344450266613
NR1H2.hg38.10000	-0.18925963068233057	0.008736614227783416	0.024041631853097427	0.04255700291679117	-0.21523833910390397	0.0027874491095138923	0.00905920960592015	0.015469936880773414	-0.07937799608037922	0.27503188056622324	0.5184350948673307	0.5275333145252006
NR1H3.hg38.10000	-0.27448661000358227	0.00012171366757572313	0.0005664944774820694	0.05045977252690102	-0.40113831205352335	8.881906658858971e-09	1.0463996282468226e-07	0.011522036925778243	-4.8599747300984325e-06	0.9999467609235035	0.9999467609235035	0.7058570381879199
NR2C2.hg38.10000	0.17630714623895968	0.014696968524491564	0.037379583450061704	0.04675302036410857	0.18431464581093693	0.010696383391564859	0.03054951923196933	0.015824490522679983	0.015095552741146616	0.835801324528264	0.9322399388969098	0.4824991730047561
NR2F1.hg38.10000	0.14477119381858958	0.04569680337955468	0.09788462996643246	0.0465819106667959	0.1387172841115945	0.05564708207250252	0.11159015926241198	0.01204121929134982	0.03766972287825031	0.6048963591843268	0.7999276645076628	0.5194340361500814
NR2F2.hg38.10000	-0.18194041909283493	0.01176814885128378	0.031917928898805646	0.04292123528171619	-0.25777712009387616	0.0003179704937301255	0.001427081858764968	0.013959403166570157	-0.009707136220180759	0.8939736874703519	0.9613334749923315	0.49046434131348926
NR2F6.hg38.10000	-0.0700379854798924	0.3356613411370518	0.46868268743951313	0.04497979200505578	-0.03148737344001749	0.6654399169607563	0.7766899340377869	0.010225740051705593	-0.15199397414618895	0.035815083365815924	0.14364134498843195	0.6293994486617002
NR3C1.hg38.10000	-0.0469705862499261	0.5187707009180015	0.6288635184761625	0.049433210987956895	-0.16030268866028738	0.02674427264766069	0.06589928619717698	0.012067375998716141	0.02122424447077905	0.7707207468115419	0.8931983281571966	0.5066917061151888
NR4A1.hg38.10000	0.4639942509538106	1.3761837205624754e-11	4.3235105221004434e-10	0.044070911823581305	0.4353938936733154	3.081365077970131e-10	5.280339247248815e-09	0.010502139517153387	-0.44730023745892417	8.747836216866514e-11	2.536872502891289e-09	0.7390436721106357
NR5A2.hg38.10000	-0.14083324257920574	0.0519830601210204	0.10827410864986017	0.043732521646777024	-0.33908200348763723	1.5996508058223437e-06	1.0769077746339707e-05	0.013339602329016828	0.034408256036218	0.6365342628216792	0.8246509178136532	0.5596547005489778
NRF1.hg38.10000	0.051916455682258784	0.47567806973921134	0.593810040700936	0.05974985843877234	0.0632502562897184	0.3847002159657317	0.5254781935473943	0.026441508422528934	-0.05557696084967702	0.44508336764876943	0.6820993073316507	0.5618448033308481
ONECUT2.hg38.10000	-0.217164839608295	0.002547233165913361	0.008651413545489524	0.052147358922410944	-0.23133739022241653	0.0012821226723098323	0.004692817936512687	0.008946267380692341	-0.005833220024540411	0.9361671131642576	0.9616757538499322	0.5087083838517766
OSR2.hg38.10000	0.06692837784878747	0.35760997204739575	0.4884744908038703	0.045596125463264386	-0.1262744748422319	0.08174201244679573	0.15485798337910547	0.01243617736066121	-0.05149303648142167	0.4792893787463741	0.7003569604162134	0.5335875190595938
OTX2.hg38.10000	-0.11198610250671984	0.12298251194867314	0.21564840467278965	0.04425069337107205	0.029926537051894124	0.6810944607208984	0.7876460481342905	0.008811222061021735	-0.14131551126340536	0.051176592116535344	0.1891526983130767	0.4540701547030613
OVOL2.hg38.10000	0.07489908918323268	0.30311406224113874	0.4328560661549595	0.046334569946309224	0.14667995353622232	0.04288632728339753	0.09276624250937188	0.01229626633564079	-0.003441697119190185	0.962311500932032	0.975245795299398	0.5555754937302415
PATZ1.hg38.10000	-0.0484152095391648	0.5059804906084941	0.621350635046913	0.05484947749621621	-0.01043302209279309	0.8860969726490535	0.9202715115390997	0.021360228209199188	0.07584124047679681	0.29705524765841684	0.5410136636097737	0.6212873129024888
PAX3.hg38.10000	0.04814576529649907	0.5083535069393781	0.622237896480992	0.045628064446870016	0.01347176861110848	0.8532527415871443	0.907732290689101	0.009212851938362942	-0.09757948073698525	0.17929467735243387	0.40719333350522635	0.4904404913081961
PAX5.hg38.10000	0.32985891749755525	3.1635314208432746e-06	2.1297345458177045e-05	0.044415260334274356	0.33302153954554203	2.5101563857802052e-06	1.6316016507571332e-05	0.010464928070880269	-0.2003178626491198	0.005461148985682453	0.03320730915487556	0.5789792907091114
PAX7.hg38.10000	0.07186282716167317	0.3231905770976603	0.4546374909172311	0.04013382366483066	0.17038264503223083	0.01844631877536801	0.04796042881595682	0.008243143193358012	-0.07635838980506031	0.29376393494341524	0.5388233975737927	0.49304911549536046
PBX1.hg38.10000	0.38852383173151217	2.7919240440842553e-08	3.1895617109689827e-07	0.04032018227869416	0.21816604780183413	0.002429955209680097	0.00810701870840174	0.010835572110105711	-0.14575449216001687	0.044230337873345967	0.1684327007904185	0.5327242694172
PBX2.hg38.10000	0.06481486346948861	0.3730277145287766	0.5040553705281319	0.04015230353673535	0.12089473370255392	0.09572400093110027	0.17690170760306276	0.010403404546834681	0.02416142682632029	0.7400598630493335	0.874616201785576	0.5509215736400181
PBX3.hg38.10000	0.09155076826908178	0.2078143289117429	0.3211350765449144	0.04070211054257784	0.132185486930386	0.0683253524021997	0.13346454847476313	0.015159536221400271	0.08043141179804823	0.2686916834560422	0.5090644600749555	0.5645214158093892
PBX4.hg38.10000	0.06632567600121815	0.3619654777953225	0.49205233382637276	0.048368941815357676	-0.11277933708885812	0.12033474699107712	0.20906082772182522	0.010513830831939864	0.04983529602313178	0.49356986370055755	0.712934247567472	0.5614350067642279
PDX1.hg38.10000	0.03924175313241744	0.5899010247821207	0.6892796970580108	0.04489870140415165	-0.00801750617355001	0.9123470740809339	0.9306571681400861	0.009823045735027399	0.06294058656281691	0.387036451438041	0.6427874105380681	0.5310080099541544
PGR.hg38.10000	-0.3366993243297531	1.9118369573885524e-06	1.4230890976455479e-05	0.05349064738003096	-0.41290814568801987	2.9196419943514205e-09	3.9310893995374485e-08	0.017798849700304917	-0.08442071663773962	0.2455878737964435	0.48511204985801926	0.4444392855841336
PHOX2B.hg38.10000	-0.09037713009664734	0.213726393160959	0.32774299680592694	0.06250125904399968	-0.22978789658723592	0.0013848688881555867	0.004972338769853869	0.010456989480387695	-0.10915886337692761	0.13278796840954543	0.338250433043234	0.6922073204844704
PITX3.hg38.10000	0.018354089423888123	0.8010296981726196	0.8435424475169765	0.0382670768224344	-0.035044957178098	0.6303036238960364	0.7591835981112004	0.009460144260227775	-0.05766373549789226	0.42815254995135366	0.6805104771919989	0.5590135406543723
PKNOX1.hg38.10000	0.0003205684826366161	0.996488311921722	0.996488311921722	0.04286029561460165	0.08232441019487999	0.2575501757238733	0.37634269863527225	0.013803820043914228	0.03809280331754462	0.6008440070082315	0.7999276645076628	0.5644105327207118
PLAG1.hg38.10000	0.04448047391876329	0.5411998379770385	0.6460906880885273	0.051006013151677056	0.07142051485744581	0.32618542378782334	0.45407172798910184	0.014336075285326284	0.1681865701680073	0.020033572593805934	0.08991258176029568	0.48043361133282503
POU2F1.hg38.10000	-0.3532874944188956	5.356448549470967e-07	4.296555538618202e-06	0.04360830115798401	-0.22270573016543987	0.001957307638216525	0.00670822708734209	0.011578626326256666	0.149734089680386	0.038691544725816956	0.151944920433677	0.48957727103719784
POU2F2.hg38.10000	0.314750523679558	9.223476159975333e-06	5.6084685682430655e-05	0.04370363102617839	0.3421714374292329	1.2666906660809671e-06	8.843377428009714e-06	0.01396973715522198	-0.2498947674549416	0.0004895249622397587	0.00394040988195334	0.7113482555701727
POU3F2.hg38.10000	0.044441923140744084	0.5415508154800388	0.6460906880885273	0.04203427305166882	0.17592825599276454	0.014915067946503628	0.04010309164590516	0.01147806676610373	-0.0780879952864795	0.282933001651588	0.5280482258546965	0.4978681094346899
POU5F1.hg38.10000	0.05672666443684263	0.43570893926328136	0.5644751549905741	0.04469716796877397	0.24098187449093839	0.000784510510165065	0.003017963901349281	0.00917307961048886	0.03970862684820625	0.585480546437416	0.7911332114942862	0.5228354581033428
PPARD.hg38.10000	0.10574481367960684	0.14541630575493722	0.24484025204287257	0.04846275988693218	0.054557326274528604	0.4534918492541743	0.5815184597579037	0.008972718428803195	0.08625771364654006	0.23542776357670592	0.47915160488912867	0.5153839954893008
PPARG.hg38.10000	0.09845399631814732	0.17540993994211412	0.28140232918373204	0.042881714151676714	0.14393538490150543	0.046975055107275385	0.09859576338243389	0.010724032352150834	-0.14368758204247886	0.04735972084430195	0.17854614758301832	0.6877773658179858
PRDM1.hg38.10000	0.17617387460347222	0.014773363220316164	0.037379583450061704	0.05977929123047338	0.1090727377441597	0.1330958302558003	0.22911930596546445	0.011430681079743944	-0.11342979459185423	0.1181967785293235	0.32289989496778954	0.574452434856298
PRDM14.hg38.10000	0.16393113807883472	0.02344810926273058	0.05514722841756481	0.051823844280769506	0.12945870137651222	0.07427281090543433	0.14213629295100885	0.009700768390948423	0.08607984766565674	0.23639840453415897	0.47915160488912867	0.49001878880887256
PRDM6.hg38.10000	-0.01545580859041072	0.8319400504613215	0.8688127396784437	0.05116005228140496	-0.14581961526159298	0.04413462238080219	0.09400425218961822	0.01149400051751241	0.012870278710797217	0.8597357829468694	0.9506229100815239	0.5999567388638984
PRDM9.hg38.10000	0.2185077431346185	0.0023910664251134616	0.008224292037481344	0.051508610404763386	0.030156036007802096	0.6787839181119806	0.7873893450098975	0.008701670033880756	0.062439126920535326	0.39083776271688186	0.6434316006299758	0.4998302949745056
PROX1.hg38.10000	0.015459923085227653	0.8318959737574839	0.8688127396784437	0.04420519001694016	0.0929155975123315	0.2010882386263462	0.3171977655319352	0.011448352642800315	-0.043334127828080146	0.551684404680767	0.7640284895257932	0.6113302446059989
RARA.hg38.10000	0.26807591036021505	0.0001772405192688123	0.0007861138325216734	0.05044826031724115	0.24130099588335066	0.0007716017667748629	0.0029989058358157045	0.017694341396731778	-0.07107088787670453	0.3285653297002836	0.5815452079671687	0.48855120159681054
RARG.hg38.10000	-0.08441286324536253	0.24563195442355665	0.3645797118806333	0.045139061131802535	-0.2818549240107538	7.810906664691162e-05	0.00038243010553098283	0.015523380473143198	0.16012614076062057	0.02691430571020774	0.11530333241759452	0.4910779428661392
RBAK.hg38.10000	0.12671308110790971	0.08067863737490125	0.15132261835988942	0.041755746241888686	0.15082721981504535	0.03727673349363019	0.08517168804302172	0.009904383014327452	-0.006594813352149609	0.9278542683468878	0.9616757538499322	0.4860214085981868
RBPJ.hg38.10000	0.05813095906966432	0.424413381423256	0.5520255433247345	0.05636571933752322	0.09767756095819466	0.17885585626736317	0.28939338117079794	0.02384364891810039	0.11574225818962443	0.11083462286353349	0.31379167308295053	0.49219638740955307
REL.hg38.10000	0.42539016613788877	8.552481516412678e-10	1.4018632746467738e-08	0.04445498668164511	0.40655734551813677	5.350194138706296e-09	6.506526420297657e-08	0.013805186144356784	0.12367358814917387	0.08828151205455992	0.27058642312657794	0.4994532975801143
RELA.hg38.10000	0.19364365882710594	0.00727263955846936	0.020160184658404037	0.04569614690447991	0.2504403862520243	0.0004753284452094336	0.0020134699308309717	0.017327882200794398	-0.01845287218375687	0.7999813094329019	0.9084125110126627	0.5192275247142486
RELB.hg38.10000	0.2812051979499823	8.12655014557986e-05	0.0003878113170738743	0.045315682013790284	0.33516824817113117	2.142220002458145e-06	1.4168718261872292e-05	0.010562897753712495	0.05946240496706787	0.4138623273198919	0.6658540166174315	0.51101192684111
REST.hg38.10000	0.02714242197815053	0.7093553232889567	0.7912040144376824	0.04194030260975504	0.10633662886292292	0.14316418484870724	0.24095043610697603	0.013340584884677837	0.028006320991413373	0.7005413739287276	0.8547058186767972	1.027633226874591
RFX1.hg38.10000	-0.03891729258624155	0.5929820557973821	0.6899822069000402	0.04649843462668998	0.10329863271965505	0.15501136254802403	0.255193378517926	0.010160283222400911	0.15386654450093035	0.03357067153539867	0.13800448290585743	0.5175768064174953
RFX5.hg38.10000	-0.09035110822836505	0.21385882550201069	0.32774299680592694	0.04378335117925063	0.019383812276251747	0.7901189762910455	0.8559622243152993	0.01727435408951295	-0.176846370229155	0.014391386810621742	0.06867788389372655	0.7288720660282326
RUNX1.hg38.10000	0.565192545934549	1.6290703294758277e-17	1.0235991903539783e-15	0.049474816881826804	0.5153675132924833	2.373410523152493e-14	1.1184697090356123e-12	0.018503756640124804	-0.38488549286290574	3.850626610366951e-08	7.258431160541702e-07	0.63377419024097
RUNX2.hg38.10000	0.1194047810812489	0.09991497731137776	0.18374608022628985	0.03900663887880967	-0.012444522303652696	0.8643304179231117	0.9127522900756669	0.009584942609646844	-0.007393133633406213	0.9191489394499688	0.9616757538499322	0.5139733704413695
RUNX3.hg38.10000	0.43222263755346846	4.2742196532414595e-10	8.952115607066836e-09	0.042246978888354665	0.30219208853104645	2.1499248437299208e-05	0.00012280631304336062	0.010775955342824514	-0.272783179358925	0.000134618783989801	0.001335560041161973	0.7228156634283507
RXRA.hg38.10000	0.17703221644386052	0.014287362369541865	0.037147142160808846	0.046969135709264566	0.24801680563631498	0.0005414409627459673	0.002245284732407162	0.018471699917361164	-0.10041218564305072	0.16693785930634542	0.38849119110180386	0.6076013776651389
RXRB.hg38.10000	-0.0719926118390986	0.32231520486682286	0.4546374909172311	0.0438757073799719	-0.10295680151098494	0.15638930779131832	0.2563424740753348	0.010562939897410906	-0.2080321053177072	0.0038788418462356385	0.02565479607071642	0.7348016770087062
SCRT1.hg38.10000	-0.03811192590313659	0.6006611346299765	0.6967669161707728	0.039591297468877566	-0.00904258363736807	0.9011939900660424	0.9273060932427061	0.009608366745073014	0.02831956063461887	0.6973553206221051	0.8535810255666676	0.5232887974367423
SCRT2.hg38.10000	-0.03302676141379858	0.6501408738394008	0.7404927777566589	0.0415535903790824	-0.07466669810073859	0.30462097223149337	0.4336688721087002	0.00881610430441104	0.15601943283488984	0.031138870400750713	0.13190285551778672	0.5543563408317859
SETDB1.hg38.10000	-0.060311821553462736	0.4072123422238154	0.5386633439241347	0.04587883777337523	0.05732417244525041	0.430881950796271	0.5640364425353964	0.013862479098092724	-0.06337960599598594	0.38372690392010433	0.6421126235809317	0.6234127782900537
SIX2.hg38.10000	-0.06402410586561036	0.37889959131000395	0.5083457150315711	0.04173136010479434	-0.03781294348265915	0.6035232014130629	0.7363373687143195	0.008873192333407219	0.03650589731247668	0.6161059048070248	0.8009376762491321	0.5042433016831883
SIX5.hg38.10000	0.07816631288457909	0.2824490075695331	0.4064247169989083	0.05514261684462919	0.22548187879848192	0.0017112047154232719	0.006029197922566108	0.025966246139455428	-0.006473091974406947	0.9291823649911138	0.9616757538499322	0.6507818909687253
SMAD1.hg38.10000	0.36615446175014427	1.8967640392513112e-07	1.6629768437156846e-06	0.04321358582778777	0.3534712324968651	5.279311886898415e-07	4.061837921144291e-06	0.011981102014638595	-0.10123878514946025	0.1634546130056398	0.38513993189453877	0.5308999780518532
SMAD3.hg38.10000	0.018020191539160887	0.8045760031905986	0.8449168612892916	0.048515468028884824	-0.11334474060560831	0.1184746482654262	0.20774391812123572	0.012173159685256275	-0.11497923053694284	0.11322307118782761	0.31379167308295053	0.6660081047940134
SMAD4.hg38.10000	-0.0025737282905246538	0.9718116570947634	0.9848736417331339	0.04801879193857077	0.02881121799410571	0.6923652045562634	0.7947515791060857	0.015183597667629941	-0.1432897040994823	0.04798284375195672	0.1791042781632444	0.6879023698280664
SMAD5.hg38.10000	0.45882351670807603	2.4667702002920295e-11	7.153633580846886e-10	0.05944219773524338	0.28013642092198315	8.671920512903e-05	0.00041914282479031163	0.02556285463564849	0.07330615264462283	0.3135420897014363	0.5655759225714904	0.6034012409594801
SNAI2.hg38.10000	-0.23090163352680124	0.0013102882436996587	0.00498968351388658	0.03961469874874586	-0.10466431458779521	0.14959736560949435	0.24846907808219904	0.012423363003242333	0.008614311658576576	0.9058514646535283	0.9616757538499322	0.5091713983481214
SOX13.hg38.10000	0.0011079584544539276	0.9878632232641599	0.9904905190707135	0.042813369856323516	-0.0487652114644226	0.5029066526328543	0.6298864054570965	0.011126130138587912	-0.1375228627380721	0.057807935228331095	0.2065274930203512	0.5786717449789323
SOX17.hg38.10000	0.03941886131659587	0.588222324083229	0.6892796970580108	0.043752396796707	0.15237412935484626	0.035349442691762704	0.0817591404588622	0.009766412658681306	0.015771369769198188	0.8285611195366447	0.9322399388969098	0.45910426265773496
SOX2.hg38.10000	0.11494136340892672	0.11334264346440767	0.20283908030907344	0.045148007858539535	0.07876718176648612	0.2787542335739145	0.40264500405120984	0.010776778708502126	-0.015107171487787814	0.8356767313221818	0.9322399388969098	0.5331688481348487
SOX4.hg38.10000	0.2637011640562042	0.00022784437276398127	0.0009988061457211737	0.05331109315481702	0.10490853654519838	0.1486444644849464	0.24846907808219904	0.019606347618370667	0.018618828213675897	0.7982208113614346	0.9084125110126627	0.520233478140952
SOX5.hg38.10000	-0.05414211938460409	0.45694118884524326	0.5800229905543997	0.04611471989598586	-0.1470468634735489	0.04236304349761226	0.09276624250937188	0.009776022366990645	-0.0827614379121367	0.255023828989478	0.49304606937965745	0.6705363664822538
SOX6.hg38.10000	0.3100834904647664	1.2689294146037785e-05	7.593434750882928e-05	0.045839532155471756	0.32214936455374604	5.500941355745978e-06	3.3449272437358607e-05	0.009856822897233239	-0.061208273519819036	0.40026314336794044	0.6480506743546297	0.47994868708389127
SOX9.hg38.10000	-0.14059882476967206	0.05237885519954405	0.10849905719905553	0.04413642206962496	0.00446511119758758	0.9511168722032877	0.9625876696852117	0.0198012596420277	-0.01106251070706445	0.879275279882492	0.9613334749923315	0.5171454611005466
SP1.hg38.10000	-0.20882142257494796	0.0037428904132719046	0.01166173294052486	0.060717737972101636	0.10655869392264783	0.14232601244100937	0.24061393134645978	0.03245525401588515	0.057281381294152854	0.4312266141645642	0.6805104771919989	0.6720969248848526
SP2.hg38.10000	-0.2018118754706752	0.005115770187204216	0.014722483668519002	0.05263393211377713	0.08360673695681682	0.2501860026329942	0.36843798043999537	0.02547891680219179	0.10742425942661415	0.1390946308179346	0.3498655583188019	0.6085809185416274
SP4.hg38.10000	-0.25301734126571435	0.00041328364752162705	0.0016575312246346107	0.05571637796213642	0.009176749297294071	0.8997356194705478	0.9273060932427061	0.020961731461355635	0.003905115770531556	0.9572413446999842	0.972722336797558	0.5345695254901778
SP5.hg38.10000	-0.114935797222655	0.11336022801636117	0.20283908030907344	0.05367410478659973	0.057762841220614446	0.4273578260675932	0.5629629846295798	0.021244148198844702	0.12111968164546048	0.09510357270617711	0.28231533000180137	0.5213542704489099
SP7.hg38.10000	0.02833645526836147	0.697183630056661	0.7810624419817953	0.04508446947518745	-0.08879041461052394	0.22190929770979317	0.3387036649254738	0.011841343515493114	0.10709248820723445	0.14032653116893803	0.3498655583188019	0.4831508848889837
SPDEF.hg38.10000	0.1771300471748293	0.01423286800698204	0.037147142160808846	0.04568057272248944	0.14655813839121806	0.043061253154217716	0.09276624250937188	0.009308278032812981	-0.10570029774752446	0.1455867909501233	0.35640402719608105	0.473014554603619
SPI1.hg38.10000	0.6030269833380115	2.6836581507610033e-20	2.0234782456737966e-18	0.05775213359818521	0.5678898804686912	1.0597699032142218e-17	1.9976662675588083e-15	0.013715000431849393	-0.7004610772698312	1.6935858290595513e-29	6.384818575554509e-27	1.1930215928559025
SPIB.hg38.10000	0.6102434613143901	7.163212228750977e-21	6.751327525597797e-19	0.044739505093397476	0.4820754776434013	1.6528492701514707e-12	4.793262883439265e-11	0.010620710318137987	-0.6381809456549256	3.087301594934869e-23	5.8195635064522285e-21	0.9575028762817501
SREBF2.hg38.10000	0.33350393518546523	2.422575703274685e-06	1.6913167409899188e-05	0.04818537809972782	0.3849855640704365	3.8169250211364025e-08	3.597451832421059e-07	0.01414572120389495	0.032256142049985476	0.6577818162298968	0.8331694883288799	0.5449494765695708
SRF.hg38.10000	-0.18042499215139388	0.012500646116873303	0.033423713376320816	0.04838720757488006	0.02760870386581506	0.7045931894348896	0.8049060013037782	0.014731025693042922	-0.5327446777834286	2.1420473199135017e-15	2.0188795990184755e-13	1.2141834963400593
STAT1.hg38.10000	0.272303139820892	0.00013848015968203828	0.0006290002433750414	0.04853843693798961	0.24057677332647065	0.0008011836293009679	0.003050972002489545	0.020024982918367146	-0.12591796184367546	0.0826146428499297	0.2595476696201958	0.7103228658888388
STAT2.hg38.10000	0.2787461991413441	9.432727197285466e-05	0.00044451726917207754	0.04889500476612134	0.24794577901499812	0.0005435008865209237	0.002245284732407162	0.017129462279689103	-0.04222208423426185	0.5619489302170653	0.7675896619269333	0.5217339534799983
STAT3.hg38.10000	0.05640696161301491	0.4383043228015572	0.5658929099184488	0.04513594834003254	0.018243027098023046	0.8022088354551362	0.8640935170473896	0.01579232910847233	-0.02697018946071439	0.7111171975989449	0.8565213530185374	0.6662437086107267
STAT4.hg38.10000	0.39285303932144977	1.894707911020386e-08	2.2322027576708924e-07	0.04733115038021532	0.4218262601418844	1.2205990665402845e-09	1.840663392342749e-08	0.013535138943909897	-0.010499900125166786	0.8853718166984132	0.9613334749923315	0.49031779797669495
STAT5A.hg38.10000	0.4464697526803968	9.566081931676855e-11	2.4042752588281166e-09	0.04346598403264889	0.44912105224216137	7.184424218036616e-11	1.4255410158946338e-09	0.013941002981780503	-0.037998098826015445	0.6017500489299688	0.7999276645076628	0.5790263467683424
STAT5B.hg38.10000	0.49717364239090117	2.5537586091263733e-13	1.0697411062673808e-11	0.04590999476810198	0.44308388613078836	1.3739702101535696e-10	2.5899338461394786e-09	0.014156491731492079	-0.15347843875613687	0.03402577628426414	0.13800448290585743	0.5027971803454828
STAT6.hg38.10000	0.40102975217159215	8.971728008065977e-09	1.166324641048577e-07	0.04880132804177343	0.5436325839456482	4.417753426080003e-16	3.0030846454928415e-14	0.012596310712609592	-0.06750515983167668	0.3534725658380413	0.614097499174846	0.46077797677189525
T.hg38.10000	0.21238223785781943	0.003181458360839489	0.010251365829371686	0.04339631267461143	0.15022106098422378	0.03805577533316438	0.08642787530483717	0.009163598679129293	0.08443420421808542	0.245512181648621	0.48511204985801926	0.5054868295419482
TAL1.hg38.10000	0.43096893180315654	4.859990010603591e-10	9.64324333682923e-09	0.04601125695437408	0.4250703839922181	8.831348363227122e-10	1.3872576387235938e-08	0.010741606881912355	-0.08300255583043319	0.25363732863339894	0.49289315925150207	0.5518682600686531
TBP.hg38.10000	0.16538798080208175	0.02222663632187831	0.05303444236296281	0.056917865996278315	0.16722758337239246	0.020762977610303966	0.0536139901307164	0.032378370703147655	0.06117505487661133	0.40051938229344486	0.6480506743546297	0.6388434175167124
TBX2.hg38.10000	-0.018756595388744038	0.7967601192768206	0.8435424475169765	0.042274430831690024	0.005927344562629239	0.9351393448482042	0.9502628922042398	0.009404697072787243	-0.021831140193638476	0.7643544582049854	0.8893877492076527	0.5723819269042324
TBX21.hg38.10000	0.4680812414774264	8.61624002402948e-12	2.953020444599194e-10	0.04685359347835111	0.4960580251975719	2.940899457558829e-13	1.0079264504542533e-11	0.009951401546682372	-0.27152333908551207	0.0001449741089095457	0.0014014163861256084	0.6955578533116743
TBX5.hg38.10000	0.052101884974751905	0.47410123142340155	0.5938078546399415	0.04499376302960789	0.05240200670324537	0.4715551309706547	0.6026314724608028	0.008391599216860408	0.0659980187255516	0.3643471140429956	0.6272094154986728	0.5591088093613367
TCF12.hg38.10000	0.31800549321501137	7.360063008533534e-06	4.583653720280613e-05	0.04735571772149929	0.28681719164341857	5.7530254388320176e-05	0.0002930933230323879	0.01847763436031138	-0.10980560145554472	0.13049360786818354	0.33492561548759603	0.6331850381882244
TCF3.hg38.10000	0.41032936855963814	3.739396012068639e-09	5.4221242174995264e-08	0.04324230522577922	0.47607903183547123	3.3844463011626775e-12	9.113830396702354e-11	0.011398178893617007	-0.07625512174049942	0.2944192210773307	0.5388233975737927	0.5639842378605984
TCF4.hg38.10000	0.11498079500809959	0.11321813321006595	0.20283908030907344	0.04565257540532183	0.24215033325693147	0.0007381924753402567	0.0028989433667007997	0.011029772754764161	0.08438775039023494	0.24577294833655616	0.48511204985801926	0.451029104181388
TCF7.hg38.10000	0.149714238940894	0.03871764980910267	0.08486368591878898	0.04409628481924566	-0.036565023451574113	0.6155342464122148	0.7455404828180671	0.010285343199619273	-0.09629944295109948	0.18509469248778107	0.4178484974125357	0.5044969123197613
TCF7L1.hg38.10000	-0.049669567176049666	0.4950098435688416	0.6138773388995173	0.062283121279491746	-0.058160194228783546	0.42418004507193074	0.5611083403232207	0.018342864705533125	0.11593462941276142	0.11023873106802531	0.31379167308295053	0.48002078905294865
TCF7L2.hg38.10000	0.077016452058447	0.2896110181466745	0.4151458320961836	0.039758255561326054	0.1084364818121684	0.13538717669402855	0.23200438915294894	0.011524966124647951	-0.0016422778157740609	0.9820110164801297	0.9872484085680236	0.5360823612988564
TEAD1.hg38.10000	-0.14655724466678044	0.04306253874482859	0.09346619704900633	0.040507166943469126	-0.08806603605030704	0.22571811450773033	0.34038291667765735	0.011537424035929755	0.17564531892971574	0.015079773990070013	0.07106343492820494	0.7231403675302496
TEAD3.hg38.10000	-0.1638115003021953	0.023550938395830064	0.05514722841756481	0.0402239607618836	-0.1381717058008414	0.05662567100238206	0.11295173527988381	0.011265837931986602	-0.20478577078118396	0.004485993201033296	0.02818699061315921	0.8086437179626295
TEAD4.hg38.10000	-0.25869128575281236	0.000302183348693059	0.0012626830414254055	0.04020975899134101	-0.1854436853317839	0.010217630134989527	0.029631127391469624	0.012593909146569616	0.019741200179422616	0.7863415743981241	0.9010661809972426	0.6764841528074597
TET3.hg38.10000	-0.059663162685049356	0.4122848913803696	0.543466447728669	0.046231533469056986	0.08888223262767142	0.22142979528394124	0.3387036649254738	0.012095918805876441	0.012859944864956178	0.8598472475803705	0.9506229100815239	0.5153881441898228
TFAP2A.hg38.10000	-0.08158946023079877	0.2618374667536025	0.3826074611089463	0.048578896987713935	-0.2740524147736818	0.00012488848675994458	0.0005885369938562388	0.015823624999990883	0.06667789202041147	0.3594161517814989	0.6215591248698398	0.5634285401592423
TFAP2C.hg38.10000	-0.20994667563451053	0.0035565026835152175	0.011173345930710309	0.05303858589384819	-0.3547956902066104	4.753893010937567e-07	3.7337868023405474e-06	0.018330850022513372	0.038515328444721574	0.5968091617106299	0.7999276645076628	0.6145565933459576
TFAP4.hg38.10000	-0.17903204414622378	0.01320896302540211	0.035068866623778845	0.0441505013553995	-0.054961205228026964	0.45015064726840437	0.5793469953538749	0.01827805755684233	0.03180725655514868	0.66224913168379	0.8331694883288799	0.7497490542037474
TFDP1.hg38.10000	0.17677038750204038	0.014434107405817121	0.03722857552663166	0.054339321570356	0.16227381089292794	0.024907538748800917	0.063021087975154	0.025167746986203502	-0.13545070479573745	0.061720643243401575	0.2154507639144666	0.6503226669358376
TFE3.hg38.10000	-0.035455280966191986	0.6263020127161247	0.7176773823525198	0.049415129961259775	-0.08905742803620642	0.22051691454218333	0.3387036649254738	0.013045872229578695	0.004988249695769241	0.9453980704675164	0.9658945055996035	0.7291540584919635
TFEB.hg38.10000	0.22666358666929567	0.001615290494289846	0.005799662060450209	0.0431364535687502	0.24779421037601615	0.0005479209426563897	0.002245284732407162	0.012045226598357066	0.17383496661429262	0.01617173308182037	0.07526843668946025	0.5721466533399617
THAP11.hg38.10000	-0.040090357796825724	0.5818776012743938	0.6892796970580108	0.04714413375350079	0.09121705034063625	0.20948329091139373	0.3260044200774794	0.022268589423671607	-0.10985670409269944	0.1303136256396548	0.33492561548759603	0.7476844823401801
THRB.hg38.10000	0.045134852571977795	0.5352594345338915	0.6447054530967319	0.04500370894513503	-0.008903229010670704	0.9027091146421038	0.9273060932427061	0.011307179779211269	-0.06133731322624711	0.3992686964578106	0.6480506743546297	0.62720423294221
TLX1.hg38.10000	0.22883106366056416	0.0014520225306000015	0.005366789157217652	0.04362744955405147	0.25243252757222456	0.0004266669819217308	0.0018488902549941668	0.010825312076881404	-0.2449613211955587	0.0006368943622955365	0.004900187236437087	0.6597487541498772
TP53.hg38.10000	0.073760880394663	0.3105416463046983	0.4417894364410237	0.04990445250216644	0.11778550808308318	0.10463293214313303	0.18695078397137987	0.010076348019819383	-0.05592402140167085	0.4422415567958613	0.6805104771919989	0.5135213609401205
TP63.hg38.10000	-0.08940579008565422	0.21870968679562924	0.33382004826701306	0.047083277318068883	-0.029151974034769112	0.6889144137044267	0.7942530090720761	0.009373702431906761	0.2621289539379236	0.0002491058599103854	0.0023313163986402445	0.5414275860670239
TP73.hg38.10000	0.06837873386405453	0.34726362201865435	0.47780432664610467	0.03896954107318712	0.15660474734999089	0.030504256563338043	0.0723277026690468	0.008845081046696176	-0.06472472685586081	0.37369419874891996	0.6317610445217167	0.49981530508463706
TRPS1.hg38.10000	-0.04597738021720781	0.527659349596867	0.6375883807628809	0.050393792499707546	-0.21832726624820778	0.0024115357369138397	0.00810701870840174	0.017167462996205217	-0.08962273228195054	0.21758958399945455	0.46084984925727174	0.5551853947648597
TWIST1.hg38.10000	-0.052580076321618326	0.47004800938240676	0.5926692292212955	0.042554041404219284	-0.011860051307770552	0.8706452412543497	0.9163658245707149	0.010508982751320698	0.054904706607811375	0.4506172138219229	0.6869180438128957	0.4948085462522771
USF1.hg38.10000	-0.10715630669074595	0.1400889222172589	0.24115764235573794	0.04646573922629194	0.05125188199867297	0.4813527823034478	0.6110100974020196	0.015862716310307865	0.05173170369757007	0.477251981729672	0.7003569604162134	0.6493622643107831
USF2.hg38.10000	-0.026367778486008204	0.717291633111706	0.7953498402444504	0.0446953745188959	0.08899593347395454	0.22083703528092152	0.3387036649254738	0.014516268060998216	0.05703170394781474	0.4332408119676787	0.6805104771919989	0.6888622521904698
VDR.hg38.10000	0.2585375937054999	0.0003047855617233738	0.0012626830414254055	0.04889958035510834	0.29250191374482143	4.02421120928755e-05	0.00021367994731005723	0.015769670338689416	-0.0392909280658323	0.5894347059453295	0.7936317290763901	0.46699023478847684
VEZF1.hg38.10000	0.05218084095497893	0.47343067811115225	0.5938078546399415	0.048571065050332124	0.07143954098832107	0.32605623287093033	0.45407172798910184	0.01777231642822251	-0.010000579411964286	0.8907881902623471	0.9613334749923315	0.4542660787372557
WT1.hg38.10000	0.1047155028157515	0.14939725822736089	0.24811791344367864	0.052306515262080015	-0.03308569877325112	0.6495579771818052	0.7690422272425993	0.0076117428249101084	0.0922856439998168	0.2041729064776257	0.44237463070152233	0.5702120892741509
XBP1.hg38.10000	0.2138956634495917	0.0029668114999097947	0.009811297679526251	0.05460997137796372	0.13050567485921083	0.07194141373729544	0.13980367514928033	0.010853633325144786	0.05624115641462702	0.4396538128485339	0.6805104771919989	0.5208539359632203
YY1.hg38.10000	0.33113865738296433	2.8817189674715726e-06	1.9752873649759687e-05	0.0544962229073096	0.15184246156017872	0.036002107476212436	0.08276094218617128	0.027763022739223653	-0.32889445161361064	3.393043915216149e-06	4.568491271558886e-05	0.7670672044726422
YY2.hg38.10000	0.25394031601442374	0.00039295065937148394	0.001592929017022037	0.04407127738021838	0.23950816121560575	0.0008467431243046779	0.0031606154243847876	0.017521617991586077	0.02523204388013657	0.7289820873194347	0.8738831482224215	0.5700798323703024
ZBTB11.hg38.10000	-0.13481948707051705	0.06295485222874801	0.12473205372480638	0.08398996420845359	0.1402568027438167	0.0529608125663156	0.10734530288979023	0.01886820357601131	-0.165739330544715	0.021940403809340897	0.09731214395437081	0.7400919675046465
ZBTB14.hg38.10000	0.018418014264564228	0.800351218391314	0.8435424475169765	0.07683312323285892	0.023542087751973667	0.7464928983350091	0.8228883703868375	0.030532903382771877	0.023732879508720307	0.7445092643335283	0.8771249770429379	0.5431106209412301
ZBTB16.hg38.10000	0.42765307977655354	6.808729197630914e-10	1.1667685943212974e-08	0.051213368952025176	0.5495616380573176	1.8251196764135929e-16	1.7201752950198115e-14	0.011833857615827762	-0.056140021214808544	0.44047811349947075	0.6805104771919989	0.5079195609500602
ZBTB17.hg38.10000	-0.1579396862238566	0.02909799484241733	0.0652972860451865	0.04072732557998695	-0.0789571125739589	0.27759315490396075	0.40251007461074306	0.014141872739198726	-0.1482449766862554	0.0406914746932941	0.15815140164300903	0.7327124349417242
ZBTB2.hg38.10000	-0.30554700469728324	1.721384171545973e-05	9.685997502579581e-05	0.05192554941709668	-0.29348542620826706	3.77999357070827e-05	0.00020357965373671682	0.014314082288287958	-0.5265044124050299	5.161961569669949e-15	3.892119023531141e-13	1.6806408542282703
ZBTB20.hg38.10000	0.1813593926322019	0.012044405718295964	0.0324338639699827	0.05359271059040881	0.06832479608317893	0.34764497993871213	0.4791711214090375	0.017180763834005467	-0.04100482066046722	0.5732885701418275	0.7774452911635574	0.575889969198634
ZBTB26.hg38.10000	0.23003213836274086	0.0013681886042028642	0.005158071037844798	0.06424604526971499	0.08110421998351149	0.264694758251402	0.3852892813157473	0.027995900856741886	0.13738052912968818	0.058069986599040745	0.2065274930203512	0.5403165683707901
ZBTB33.hg38.10000	0.1766249603438088	0.01451618196927017	0.03722857552663166	0.05066562899458166	0.14984505136310647	0.038545895618531605	0.0864988252868239	0.018538880895344015	0.032463509290687725	0.6557221692694437	0.8331694883288799	0.5384140989922521
ZBTB42.hg38.10000	0.0831084222506535	0.2530302127922554	0.3726265243073449	0.04686653812006287	-0.013331737754562053	0.8547611755825752	0.907732290689101	0.011903647093952072	0.08042827432456384	0.26871041791754946	0.5090644600749555	0.45189435811103856
ZBTB48.hg38.10000	0.1619989665204688	0.025156957750150262	0.05818511086997944	0.050211889625718285	0.020974684094741385	0.7733430952578699	0.8453488908340989	0.01560426571996136	-0.04237160760338661	0.5605634688015306	0.7675896619269333	0.527792969540473
ZBTB6.hg38.10000	0.039173348206182006	0.5905499791770226	0.6892796970580108	0.04931364776768321	-0.06887775872854537	0.3437478827370666	0.47644467570541954	0.01190959433864455	0.05931092737736491	0.41505489099495063	0.6658540166174315	0.5235157362162349
ZBTB7A.hg38.10000	0.2203562537978122	0.002190314867740803	0.007717277618114792	0.060082338157736156	0.21321810428343552	0.0030612335417393114	0.009698193657443028	0.021930085235633688	0.05035749840222714	0.4890471550170441	0.7107467659696912	0.6283843508322356
ZEB1.hg38.10000	0.03603686705436741	0.6206488671448941	0.7133677527854423	0.05321978118517665	0.0006528138728880193	0.9928487804869139	0.9928487804869139	0.017710692465851646	0.09850081232957789	0.17520374642621817	0.40275495367490394	0.5227896677045873
ZEB2.hg38.10000	0.13180759292190827	0.06912562988003068	0.13433176528232768	0.04280041997552537	0.18819268733906622	0.00913022774827428	0.026682913651933364	0.011162556311595571	-0.10977702462592238	0.13059433813442073	0.33492561548759603	0.5342312369390257
ZFHX2.hg38.10000	0.06941558854511769	0.33998409481767167	0.4713213443132296	0.04431119005286806	0.03282629448240663	0.6521251011705096	0.7690422272425993	0.01033611592999303	0.031731966618182304	0.6629995928346525	0.8331694883288799	0.5385021536269232
ZFHX3.hg38.10000	0.06779271351261873	0.3514211297123674	0.4817664214602273	0.04629034679436389	-0.04058513825054354	0.5772230011559003	0.711153828221485	0.009685747150095198	-0.10413281976197906	0.15168711389803188	0.36424230534750335	0.46854159544992513
ZFP1.hg38.10000	-0.06940592720024656	0.34005147388116297	0.4713213443132296	0.04483052428713847	-0.1757841324125342	0.014998769024065326	0.04010309164590516	0.012302209065082389	-0.11156490735436325	0.12440666406965656	0.3263241974250263	0.7570756206484064
ZFP42.hg38.10000	-0.11160750489972773	0.12426205504428517	0.21588384678200695	0.06850646784820487	0.07367651409505555	0.31109689771747295	0.43762511358017653	0.024455620312165995	-0.009518846796264397	0.8960185763077494	0.9613334749923315	0.49291064384197336
ZFP64.hg38.10000	0.09699967284691266	0.18190503177388115	0.2881436847846773	0.04179070296209577	0.12349483851602246	0.08874588945500166	0.16481379470214594	0.010570873594626565	-0.007186476167851791	0.9214015676618603	0.9616757538499322	0.5168197548726349
ZFX.hg38.10000	0.28391309209628857	6.885264437510224e-05	0.0003460992923921806	0.08549034911395514	0.14352462028195676	0.04761411675139921	0.09862924184218408	0.03708957179242044	0.093977067119873	0.1959671276001124	0.42924533164953743	0.5330123367325029
ZIC2.hg38.10000	0.0603215954361157	0.4071361933663531	0.5386633439241347	0.045824487671707735	-0.015789826743172114	0.8283635847410664	0.8871962257027899	0.011169358736422972	-0.04885246977747011	0.5021418474467363	0.7197493743855723	0.4981262272322257
ZIM3.hg38.10000	0.136159774996181	0.06035797867633463	0.12103701043073486	0.049134209645307104	0.1351902981540295	0.06222738266836203	0.12218605867694003	0.008859447008868185	-0.04106479877940835	0.5727273203883203	0.7774452911635574	0.5886728343058739
ZKSCAN1.hg38.10000	-0.0866932244803754	0.23306294013412315	0.34866955726414456	0.04323768895695275	-0.03658063985959813	0.615383298493559	0.7455404828180671	0.010873217328080064	0.31496693667213504	9.086854189607929e-06	0.00011050787191878029	0.7942549936352725
ZNF121.hg38.10000	0.09258646296295443	0.20269566439697448	0.3184011061569141	0.047340400111734335	-0.15257252152612544	0.0351084801009529	0.08170306788925459	0.010322877375568949	0.16864106395755907	0.019695704766090626	0.08946121321465261	0.5576955081127746
ZNF143.hg38.10000	-0.09154494054588118	0.20784339171607194	0.3211350765449144	0.05230512284787489	0.11826035050919563	0.10323158494902017	0.1853252739322886	0.020756324954264136	-0.2950108570249907	3.428645700074966e-05	0.0003916967966449279	0.8486978389436612
ZNF146.hg38.10000	-0.37435926608016057	9.551033852279532e-08	9.475630953445746e-07	0.05158519615590637	-0.4503292321810815	6.300486457002685e-11	1.3196018857166735e-09	0.015052976461897953	0.37189355997086576	1.1761530431523852e-07	1.8475404052852051e-06	1.1819641964537524
ZNF18.hg38.10000	0.06893686909462565	0.343332936075345	0.47412643553261924	0.04337574502366042	0.020086870306975715	0.7826927622983257	0.850584597550015	0.013283061320392281	-0.06508020276649806	0.371069997153597	0.630150400571649	0.5985686954629867
ZNF184.hg38.10000	0.1015241043316455	0.16226499895821603	0.26482209786687205	0.04303004790609793	-0.1884353411754031	0.009039354449614925	0.02662372365238146	0.009180471266849795	0.05361310280778957	0.4613571110031046	0.6902048843181366	0.6584404992745357
ZNF217.hg38.10000	-0.2591716148916328	0.00029418317775640616	0.0012461467192602823	0.0529191485628272	-0.31565395102091715	8.66573877827268e-06	5.185688126045715e-05	0.01846415492084591	0.08166909018111522	0.2613706006143571	0.5027383491408808	0.5070307458933352
ZNF22.hg38.10000	0.022314143491797417	0.7592990352687465	0.8317264911626175	0.04919009715810944	-0.1765209054989195	0.01457515755191491	0.03953118271274763	0.00906694992975403	-0.134504009651099	0.0635792439817251	0.21873503120994947	0.6288082696956211
ZNF24.hg38.10000	0.0891033498172755	0.22027807607360503	0.33485820435382696	0.04328507797546	0.010818451657363908	0.8819190918664584	0.9184627006454554	0.008850463585971618	0.10083084091902121	0.1651668140874423	0.3867570739811537	0.7602781443386962
ZNF263.hg38.10000	0.26319225555065884	0.00023453414544284668	0.0010163146302523355	0.047143589129320505	0.22875278213096129	0.0014576462453671204	0.00518427013682457	0.011910721322350949	-0.008905494249279881	0.902684483149298	0.9613334749923315	0.4481175494178302
ZNF264.hg38.10000	0.047584754605544434	0.5133128864756276	0.6262749456353126	0.04610183215759924	-0.011678024686498426	0.8726136101349778	0.9163658245707149	0.008614859299972006	0.104329902285387	0.15090966062651176	0.36424230534750335	0.523223902912887
ZNF274.hg38.10000	0.09240714775325005	0.20357530105794794	0.3184559688748812	0.047690780989966736	0.17228108898523467	0.017163344891681444	0.04556747200115426	0.009546250350656937	0.09422653800304596	0.1947774259296336	0.42924533164953743	0.4993135604436421
ZNF280A.hg38.10000	-0.20649624888995957	0.004156197902988466	0.012697950046621803	0.04918042578337163	-0.11289346671912927	0.11995746077732294	0.20906082772182522	0.014349194409114793	0.11472416443849835	0.11403039578876452	0.31379167308295053	0.8223059932231265
ZNF3.hg38.10000	0.11371604189216124	0.11726533817627562	0.20755414315707	0.04922407535893569	0.08819611448246531	0.22503076735949656	0.34038291667765735	0.01314785008113616	-0.020544688577878514	0.7778674443232569	0.8968074205194736	0.6427137158306933
ZNF316.hg38.10000	0.048461633198445396	0.505572218607214	0.621350635046913	0.041474600694748044	-0.016714408730592392	0.8184823252522144	0.8791106456412674	0.008314763154921165	-0.13438209512935748	0.06382189239547598	0.21873503120994947	0.539242194997731
ZNF317.hg38.10000	0.10393397336039366	0.15247458828919708	0.2521180692325759	0.047315506134334454	-0.03023712156155874	0.6779682815467476	0.7873893450098975	0.00832923483128914	0.06560026824937817	0.3672512592400372	0.6279608628847432	0.5896936464290854
ZNF324.hg38.10000	-0.004206590656471186	0.9539438860759722	0.971991473109842	0.04136444895332732	-0.0040261337814238235	0.9559175889091923	0.9625876696852117	0.013058199345505731	0.05475294392210903	0.4518718166196237	0.6869180438128957	0.5615865177010196
ZNF335.hg38.10000	0.20296624273089975	0.004862461534703571	0.014210449601420514	0.05506337403517413	-0.025743462530534097	0.7237099747969329	0.8096822073022675	0.02049024200338615	0.08083182208169211	0.26630805674627983	0.5090644600749555	0.5506975449361878
ZNF341.hg38.10000	0.2117871560827171	0.0032696346708459296	0.010446205685668775	0.056146879565412304	0.1417992268085839	0.05037817093134941	0.10266254292496609	0.015871478585500247	-0.18656632353223995	0.0097604544069933	0.051106823769951036	0.5868037390133205
ZNF35.hg38.10000	-0.07898126480419075	0.27744574280617146	0.4022963270689486	0.04295401764236475	-0.21466726123458743	0.002862500704066101	0.009223613379768547	0.01127930000223616	-0.19410970945827757	0.007130641144301435	0.04092462485490321	0.7321322014421466
ZNF382.hg38.10000	0.106693177714904	0.14182023112016368	0.24302830514682594	0.058021214610008524	0.05697672575175395	0.43368505639945254	0.5657414057529191	0.010632072862174024	0.006174053098475471	0.93244598858965	0.9616757538499322	0.5779300918542044
ZNF384.hg38.10000	-0.1310153581013808	0.070828167134262	0.13623581127355497	0.08586003668899246	-0.19416973324961262	0.007112533471678537	0.02111358361277802	0.01167313118756134	0.24858358004654735	0.0005252599870505842	0.004125479481626463	0.6337196915022547
ZNF444.hg38.10000	-0.10568625524310837	0.14564060181360167	0.24484025204287257	0.04498313744421282	-0.18233013455636088	0.011585991746192039	0.03211705064937058	0.015612588556600547	-0.4165995523785801	2.0412480193800588e-09	4.8096906456642635e-08	0.7778618245171184
ZNF449.hg38.10000	-0.10512403608128508	0.14780745694669442	0.2465637666765655	0.04490449887069439	-0.025737217013602712	0.7237742807980481	0.8096822073022675	0.008982046733607267	0.01509596408744616	0.8357969134014039	0.9322399388969098	0.5334407186553266
ZNF467.hg38.10000	-0.020005611980424193	0.7835500829164316	0.8331340705044114	0.06357414657697696	-0.09426909724387283	0.1945749911191166	0.3108253036097753	0.012912819164398927	0.09587345177677468	0.18705512569830188	0.4197606094539274	0.5836681188857882
ZNF486.hg38.10000	-0.36698046554030067	1.7716971204279256e-07	1.5903090819079237e-06	0.04212296129120495	-0.39281846173347007	1.900625727021674e-08	1.9903774974643643e-07	0.013480608734316512	0.33323068007541445	2.4718222165319235e-06	3.451396206046426e-05	0.8275310576138974
ZNF490.hg38.10000	-0.15545886306756992	0.03175715808795766	0.07054394106604372	0.05065281146795037	0.2469575874894864	0.0005729221279391071	0.0023224907766993914	0.012021872969237509	0.1262997998156459	0.0816803082326487	0.2587687075941896	0.6119255449944799
ZNF554.hg38.10000	0.0077959172473073225	0.9147603431709699	0.9371321993898251	0.04201732627708319	-0.16144235965792836	0.025668649914797843	0.0638107479914863	0.010367484267865016	0.007996033851749042	0.9125808889932805	0.9616757538499322	0.5242491728304781
ZNF574.hg38.10000	-0.044513382369783305	0.5409003190625858	0.6460906880885273	0.047648594420846756	0.03434825981698301	0.6371227006291755	0.7604153803474037	0.01710202877510276	-0.37949084447854603	6.158296318347876e-08	1.1055608152462616e-06	0.8054683106822049
ZNF580.hg38.10000	-0.17145285972799443	0.017713190017954933	0.04308304926947748	0.04433324294878952	-0.058850029435105	0.4186958504907844	0.5576913246881389	0.014839931303672496	-0.45301196641760705	4.69856204993302e-11	1.4761315773539571e-09	0.8425205263230953
ZNF652.hg38.10000	-0.13453181087973037	0.06352401675109502	0.12473205372480638	0.04496281047991661	-0.23019466330032823	0.0013571911800442473	0.004919818027660397	0.010029990021100893	0.15368384783204111	0.03378425974616869	0.13800448290585743	0.48865016230753877
ZNF680.hg38.10000	-0.1408699820673501	0.051921254083746364	0.10827410864986017	0.048848672798985776	0.012474195937380682	0.8640100395724325	0.9127522900756669	0.0103637532967164	0.12914390540116039	0.07498565338843981	0.24733993411040142	0.45899494395573626
ZNF701.hg38.10000	-0.4057396657090266	5.77881334618044e-09	8.068935672259355e-08	0.04755101833728248	-0.39846365724778815	1.1368793877714325e-08	1.2245815119709429e-07	0.01798060427345515	0.11684329033913342	0.10745792286559294	0.3109819951977601	0.4771301420559043
ZNF768.hg38.10000	0.021134798703220384	0.7716603343036873	0.8317264911626175	0.046951274524860226	0.04912573491102156	0.49975067702111864	0.6280200174565391	0.0093281185988092	0.13963668248677386	0.054029626977369974	0.19775892592687844	0.6073943962893984
ZNF770.hg38.10000	-0.019914074445760918	0.7845161671858516	0.8331340705044114	0.04139369963185216	-0.10731829638504022	0.13948718122415113	0.236876879826599	0.009860229505198843	0.04800702447191618	0.509577662493067	0.7249463349429671	0.5509588786125337
ZNF778.hg38.10000	0.11238176308593283	0.12165623502247186	0.21431962898818643	0.04571941226556441	0.06655999330500638	0.36026824927080714	0.49389501809125197	0.01279961200259558	0.07260720161658481	0.3181907790039356	0.5685209653293067	0.5306947562293625
ZNF792.hg38.10000	-0.0013340132134736545	0.985387230063627	0.9904905190707135	0.04787215312570585	-0.05953144031102249	0.41331948892191983	0.5545247235714013	0.015333708222805859	-0.19204516766763183	0.007778989597453049	0.04303121634852586	0.7702883309979048
ZSCAN16.hg38.10000	-0.2819721098005709	7.755215093059636e-05	0.00037970338832253017	0.05340784046669021	-0.3290796016590317	3.3477903112648092e-06	2.1391812666895477e-05	0.01055922701849629	-0.011782173969396436	0.871487281563194	0.9578737759455513	0.5535286150887623
ZSCAN22.hg38.10000	0.0019946988920799083	0.9781515819879054	0.9886411431888481	0.047402940973605374	-0.023571029933632748	0.7461918830979293	0.8228883703868375	0.014866456332753377	0.192719877477999	0.007561561414752548	0.04254789034868225	0.570100056956504
ZSCAN4.hg38.10000	0.106021934287142	0.1443584101441341	0.24484025204287257	0.12218410891980915	0.026388774849316992	0.7170761187720834	0.8093943017277708	0.01236805531965789	-0.005325744474878946	0.9417101355495919	0.96474108995162	0.786472863836604
ZSCAN9.hg38.10000	-0.08639933575638081	0.23465691433302818	0.3496666272867653	0.05115853222571564	-0.09856736619722797	0.17491092963428287	0.28423026065570967	0.014326970654601331	-0.19500398115121645	0.006865068028097088	0.04092462485490321	0.8680907763640059
