site_name	pearson_r_central_coverage	pearson_pval_central_coverage	lin_reg_RMSE_central_coverage	pearson_r_mean_coverage	pearson_pval_mean_coverage	lin_reg_RMSE_mean_coverage	pearson_r_amplitude	pearson_pval_amplitude	lin_reg_RMSE_amplitude
AHR.hg38.10000	-0.05612797321329321	0.8249299250195192	0.1452528979482149	-0.1799797271958529	0.47483214702245025	0.03195182411105337	-0.07497679892102344	0.7674752269190559	0.35549391722715057
AR.hg38.10000	0.029188161917979905	0.9084702057410182	0.13268518175601096	-0.16406782085297503	0.5153437026565151	0.03190583419387668	-0.3336318734613462	0.17605222386961966	0.4324327830313009
ARID3A.hg38.10000	-0.3592375940496267	0.14316739665414216	0.13721537585018645	-0.33669082099973846	0.1718783233342908	0.02608950732064879	-0.2618224210467361	0.2939381943269981	0.35564943539760446
ARNT.hg38.10000	-0.22384452605540187	0.3719002998043798	0.15945777055093277	-0.2725901369372919	0.27379431416277006	0.05046181608289365	0.4203685115505539	0.0823929924162214	0.2873411850369376
ARNTL.hg38.10000	-0.15198780372926934	0.5471400357881033	0.15423338056114516	-0.2074053211754136	0.40891151005913995	0.04058811033214174	-0.42096988057518875	0.08190960323589613	0.362013669688353
ASCL1.hg38.10000	-0.021582020780575313	0.9322609906559218	0.1279614516751264	-0.1701304013217715	0.49972024031439843	0.030331198322208153	-0.2565888619774814	0.3040440946273957	0.4207378725532628
ASCL2.hg38.10000	-0.1560408570011694	0.5363749536134683	0.22760555651165934	-0.21059966409816727	0.4015694980088772	0.04781709524456463	-0.05054008006905012	0.8421406512880527	0.21793782604766784
ATF1.hg38.10000	-0.5210303767471336	0.026608606398004865	0.48858056030613467	-0.3408721539970121	0.16628179052602535	0.0726771790135751	-0.4559813725720709	0.05719011102589328	0.9465135444570812
ATF2.hg38.10000	-0.48011077299039034	0.04374675794570816	0.07976161180028418	-0.38538734283045634	0.11424403291027109	0.014720126895816804	-0.17402974071609695	0.48979304769293797	0.2647642021234543
ATF3.hg38.10000	-0.4905732216991575	0.03873065867759329	0.27169004014590903	-0.331856552738673	0.17850563282387366	0.04706630589179527	-0.28827115458243474	0.24602305895243654	0.3957864643677453
ATF4.hg38.10000	-0.36650676929834614	0.13466603997367996	0.06148092588612368	-0.2987946778604072	0.22842479964424425	0.012314104469296169	-0.026598134109630755	0.9165640560568566	0.35605057492127684
ATF7.hg38.10000	-0.3997731111475824	0.10023561067971179	0.08153650164442092	-0.30019523341225846	0.22614540201106606	0.01817841243354078	-0.29885720377191044	0.2283227253956024	0.4363528324048952
BACH1.hg38.10000	-0.41678572107182166	0.08531621315928276	0.2230508099040333	-0.2730944565778199	0.2728722801691158	0.055259082219180265	0.001166676634746595	0.9963342088375109	0.2834961688428713
BACH2.hg38.10000	-0.5559608483968815	0.016585052239966397	0.17244260648309748	-0.45937044209616995	0.05513542144625755	0.02547020985197614	-0.29974702424944655	0.22687326050308157	0.2302627187182819
BATF.hg38.10000	-0.5139295574933808	0.02912659856164936	0.12838258013406306	-0.30994930416065114	0.21067754747695827	0.016209790898655783	-0.18349224036618425	0.4661078178225967	0.4316830258530198
BATF3.hg38.10000	-0.25920592188857416	0.29896488407630883	0.07141469734916857	-0.21927319866037973	0.38199840868905666	0.011768863333722884	0.12448419428391294	0.6226150606999362	0.38146835258383405
BCL11A.hg38.10000	-0.4368381341849697	0.06989066372782175	0.15024816920279271	-0.3218424035165179	0.19277425214013483	0.031042165808921218	0.28263081292849457	0.2557985234499724	0.3517428195658283
BCL11B.hg38.10000	-0.298470581564458	0.22895436034585395	0.3262874912694412	-0.30572153066757024	0.21729466523745541	0.08378423940251932	-0.012949083212627633	0.9593287312258408	0.6219423938840973
BCL6.hg38.10000	-0.5817430824339983	0.011322745140587478	0.2835579908579681	-0.3554020505502061	0.14779960857284455	0.04190520031559393	-0.02796241178032694	0.9122996592847932	0.5303839946651545
BHLHE40.hg38.10000	-0.4436572801229597	0.06514816041838932	0.31933184601973896	-0.27266785657666776	0.27365209636044685	0.06901947620030971	-0.039486953415196965	0.8763785746840115	0.5004529058629408
BPTF.hg38.10000	-0.16322732840338947	0.5175275778612914	0.07299799477426108	-0.3072679956891781	0.21485875774739482	0.011103788179835974	-0.10204529771172104	0.687010937448111	0.22211808641991046
CDX2.hg38.10000	-0.27214833780338743	0.27460362050283055	0.11939697457095722	-0.22109993692710775	0.3779450667694393	0.026638684009984228	0.12423829522642349	0.623307834330354	0.19428616320947495
CEBPA.hg38.10000	-0.6550378724939809	0.0031730104711792315	0.15369703740715382	-0.5617827277685551	0.01525470814662359	0.01971004414572281	-0.3503047577743168	0.15411408517822933	0.3395601303434128
CEBPB.hg38.10000	-0.5104513797301964	0.030425515548357825	0.12161547888077683	-0.4182174979272263	0.08413908720959919	0.019128720363603878	-0.6964829765444182	0.0013217954319481712	0.2816451238308292
CEBPD.hg38.10000	-0.5011499523164601	0.034119947952514086	0.1463921303953412	-0.3445284650537168	0.1614903991956151	0.031206797478978966	0.039125083391891816	0.8775033629063547	0.28894414861612866
CEBPG.hg38.10000	-0.49773389791416267	0.03556021822557003	0.10431404687654405	-0.4398881416148939	0.06773890314523162	0.014231717529905203	-0.40327976517617753	0.09701720917842464	0.4227247086967616
CLOCK.hg38.10000	-0.30099009892094414	0.22485830090457917	0.18946026340116567	-0.21379424192355378	0.394298955704127	0.05598004029032796	-0.1390594876258355	0.5821069481602754	0.36458746593868246
CREB1.hg38.10000	-0.44564189727784115	0.0638140091081132	0.517482006928364	-0.26929490865806144	0.2798661176982401	0.09960884491229788	-0.12599365037104154	0.6183690802789577	0.8333939317539865
CREM.hg38.10000	-0.4964987724763732	0.03609231756213299	0.48176597963346496	-0.3118467343800016	0.20775102720227004	0.08449947866835548	-0.26319815244319	0.29131585772533003	0.987434521735567
CTCF.hg38.10000	-0.6031969109955996	0.008046890680987413	1.7485881201999107	-0.5882506633804656	0.010233107395298563	0.0714333143040229	-0.5399801802738202	0.02071270478242057	7.112912730187825
CTCFL.hg38.10000	-0.5246068147556876	0.02540632328621498	0.9176474730483424	-0.3715024248791913	0.1290318002047261	0.06627874153905772	-0.5116157184791835	0.029985800183803247	3.0744517320250484
CXXC1.hg38.10000	0.11307669544964993	0.6550627881397781	0.18854418376738738	-0.1951965338361542	0.43762702873082027	0.1224625148895047	-0.4320455306012671	0.07337343139306743	0.5856585673139774
DDIT3.hg38.10000	-0.34832948875562525	0.15660999834059772	0.09729298970194396	-0.33062887099040805	0.18021558908546217	0.013958428603121222	-0.25571620635914133	0.30574917683200725	0.2726903104833865
DUX4.hg38.10000	-0.0399148565256899	0.8750488290046791	0.034945993791801216	-0.24264777988928551	0.33196449776552994	0.008121766881063183	-0.07742933484068243	0.7600769984223754	0.2217970444441382
E2F1.hg38.10000	-0.3463350446932162	0.1591580555334995	0.49852197194226766	-0.23239077264213354	0.3534278310305008	0.11008124490783866	-0.18150605197689312	0.4710311800184299	0.5809230194274542
E2F4.hg38.10000	-0.4228924409788863	0.08037813733611915	0.4888281961960261	-0.2778090127617592	0.26434562355660246	0.0931648425525835	-0.15402514725418462	0.5417167192876835	0.8364634372344673
E2F6.hg38.10000	-0.4009483985445798	0.09914850171927242	0.28639117215854826	-0.25466184113661655	0.3078169173085282	0.08189266760575228	-0.07494943098259284	0.7675578933090724	0.33369340200468534
E2F7.hg38.10000	-0.3537002010369225	0.1498876595967051	0.17120639599322685	-0.29660818350393986	0.2320127229523481	0.0408708353731154	-0.03680021652587462	0.8847349056241534	0.2682528718967617
E2F8.hg38.10000	-0.3791767034340245	0.12070169438957226	0.20605080685786373	-0.2896391977360455	0.2436881927262834	0.054021392095847894	0.01924656031081488	0.9395778137550435	0.4807514870535565
E4F1.hg38.10000	-0.4421703865182628	0.06616122990855695	0.25489788797384716	-0.2888010237494734	0.24511704791434072	0.06714667642105432	-0.43970982345604476	0.0678633358319086	0.32023293107946116
EBF1.hg38.10000	-0.2050577907421253	0.41435278608601867	0.1232617242264177	-0.18036544599965862	0.4738701691164694	0.02773305160372355	0.026081826067876252	0.9181784797081471	0.25180392888647535
EBF3.hg38.10000	-0.2131690678898077	0.3957160997277297	0.09441473086163156	-0.19726830359950728	0.43268185132120573	0.015065110311593265	-0.36662483598520407	0.13453093530359836	0.4471867936851388
EGR1.hg38.10000	-0.2965171983723082	0.23216280248265875	0.27932054064994194	-0.21696249599044726	0.38715991354716817	0.07807352061084999	-0.25583580116229426	0.3055151628268445	0.5048716292033534
EGR2.hg38.10000	-0.22016908534684831	0.38000753210898297	0.1090754828641716	-0.1750083335264153	0.48731682145454347	0.02637880764289274	0.24083407262029444	0.33570324276304175	0.4968914523671312
EGR3.hg38.10000	0.05362280311369925	0.8326369347695111	0.09552370842332408	-0.16129798540848223	0.5225569353047959	0.023295087218290236	-0.158880647560769	0.5288901854260422	0.4556871589691657
EHF.hg38.10000	-0.4827469970974485	0.04243868836488265	0.2414548145189513	-0.327983620572635	0.183937204190075	0.04713249091304497	0.0917166652193548	0.7173896038812766	0.426358194871895
ELF1.hg38.10000	-0.48316770044599633	0.042232729762985304	0.4756344244722644	-0.2839573136465912	0.25347794411477176	0.09671028222557757	-0.26203205748312425	0.2935376783793622	0.793303291917326
ELF3.hg38.10000	-0.4766012599305581	0.04553550311230602	0.23237398838666773	-0.4145167152980438	0.08720618548397677	0.0319027300082171	0.20294579129973436	0.4192809642274383	0.38683026865541126
ELF4.hg38.10000	-0.46823002604194314	0.05002626816746473	0.22873901889365986	-0.3226680007325975	0.19157016689715867	0.06853525736993184	0.1839509559902288	0.46497443339608135	0.3908804799680031
ELK3.hg38.10000	-0.45028574022365225	0.06077181690797136	0.2325146593026277	-0.2578090564793126	0.3016695342494832	0.05337884158382095	0.1189426908365028	0.6382994226663852	0.3672085524037196
ELK4.hg38.10000	-0.40672802454576745	0.09392573970979638	0.28566152747761103	-0.3018499843891351	0.2234712431753048	0.07586919610366413	-0.5358032748139342	0.02191437123212814	0.3089612401142197
EOMES.hg38.10000	-0.02416948930558237	0.9241606980495469	0.10944744224619454	0.13201361397415234	0.6015505978578088	0.019858064054582472	-0.29673887041836505	0.23179726428694097	0.2097241065798066
EPAS1.hg38.10000	-0.14893260249394602	0.5553179767629014	0.09460316308911537	-0.2745697466162924	0.27018606596685235	0.02683435456424923	0.03016033837644929	0.9054343206948692	0.28083444828470955
ERF.hg38.10000	-0.3837900104694904	0.11588091923231729	0.269319588907726	-0.26309184798435903	0.29151798120863176	0.045366501169789554	0.0013654087994614352	0.9957097815416696	0.49316064877238064
ERG.hg38.10000	-0.45093548715835063	0.06035496583418004	0.4065110446310071	-0.2755352795761135	0.26843691199826275	0.08845512303085966	-0.14951142659916203	0.5537644941103237	0.5435712017872253
ESR1.hg38.10000	0.21986090821908794	0.3806917256100417	0.1142971383609945	-0.11267747165125126	0.6562094938383145	0.026709957980266902	-0.21446031530755483	0.39279215558642067	0.3935155380962631
ESR2.hg38.10000	0.029476972232337167	0.9075681892364356	0.09244071797850392	-0.23554569548691684	0.3467434400792022	0.024309650743696253	-0.046714797162007396	0.8539623918033541	0.2624447297762799
ESRRA.hg38.10000	-0.16614741916896866	0.5099588591311763	0.1363021515588991	-0.22816763363567624	0.3624895530354798	0.032813922330132875	0.15365641287359624	0.542696475514731	0.2174759855108943
ETS1.hg38.10000	-0.5241881507511367	0.025544833248891584	0.38345393175866455	-0.3070382884413692	0.215219452115874	0.07775854475841372	-0.24419453364735993	0.32879531899435654	0.6603354490871042
ETV1.hg38.10000	-0.4704343410638784	0.04881261325285015	0.3702486739202938	-0.2718757256369011	0.2751037376882628	0.07817883139082711	-0.3709144841720631	0.12968617031639282	0.4981255998516065
ETV2.hg38.10000	0.13015761030207157	0.6067159982860258	0.10089446679837015	-0.09675680253849245	0.7025118582696412	0.024343548551601698	0.21458301040309619	0.39251493712848373	0.34774500740531145
ETV4.hg38.10000	-0.38694313302994543	0.11266556482723751	0.23016449282548654	-0.2604978086747277	0.29647654292518744	0.0568561633688332	0.1644072280833548	0.5144630373342352	0.36924434579420473
ETV5.hg38.10000	-0.3467874539750527	0.15857760244015778	0.3170748699025929	-0.24944920879761573	0.3181617854294221	0.07882516338593258	-0.1283296103305331	0.6118208635180424	0.49020184493054
ETV6.hg38.10000	-0.670644136031244	0.0023174714131999506	0.14109324191339465	-0.4587202581487471	0.05552524016018069	0.02404057608584897	-0.0782017905066411	0.7577509021046225	0.28567952713840233
FEZF1.hg38.10000	-0.016953271666855507	0.9467670024622267	0.11010203434184662	-0.15603025457940048	0.5364029880008765	0.02476599627483447	0.11768118615828643	0.6418907300260115	0.24482414644987027
FLI1.hg38.10000	-0.6757111930696839	0.002084631575760346	0.25841884105627505	-0.40815320707540587	0.09266906271207379	0.05327754257555915	-0.4212983252125437	0.08164647224058214	0.37701491287450906
FOS.hg38.10000	-0.46534278901427756	0.051650260536092965	0.20032034239510552	-0.34647457811350607	0.1589788760202537	0.02746766437828855	-0.2837979668887461	0.2537560037294932	0.39280929729200814
FOSB.hg38.10000	-0.418958643435781	0.08353443724258586	0.13861124551157564	-0.19106121421844002	0.44758488801441065	0.019680040779728417	-0.5153752945752704	0.02859952497991238	0.21930988787276562
FOSL1.hg38.10000	-0.4158138130692653	0.08612207306400213	0.15578070771772295	-0.2542029088209902	0.30871954217847863	0.0196490405112284	-0.19394740200137686	0.4406227408660298	0.2902921140138106
FOSL2.hg38.10000	-0.3315235703820396	0.17896834122418176	0.15226805398403873	-0.23063117823556417	0.35718761246061004	0.0217455047508475	-0.2202803314620066	0.3797607188744958	0.29838530154985776
FOXA1.hg38.10000	-0.15047025887727766	0.5511953587996805	0.18215885519373476	-0.19592983076833514	0.4358733513738252	0.03494909728022451	0.393166491434384	0.10650648402600664	0.4085416686059786
FOXA2.hg38.10000	-0.26731158866067045	0.2835600670565021	0.19559655951142935	-0.25308138188884916	0.3109319902592561	0.03616198679585768	0.15717789753493783	0.5333723178667936	0.3254549156498656
FOXA3.hg38.10000	-0.39031717371244773	0.10929574241115918	0.1898229267444533	-0.20179301260507754	0.4219839416554343	0.02117224353191613	-0.10569609380568624	0.6763786821619372	0.5669522561954531
FOXH1.hg38.10000	0.04021811487704462	0.8741066202331912	0.10942287455920766	0.032196982505635005	0.899078436128987	0.022499697797313485	0.010825079100240335	0.9659959270614027	0.23904991188172714
FOXK1.hg38.10000	-0.3885050601451963	0.11109653116473013	0.2554836662841825	-0.36496615471211846	0.1364376565954748	0.042915448462057554	-0.30607149576770215	0.21674185730967632	0.3408711571119197
FOXK2.hg38.10000	-0.49381422510201145	0.037269925272746994	0.2124677439867463	-0.35201542675883246	0.15197466688252137	0.05302149070048237	-0.08323237913201348	0.7426514947983383	0.28181414884599587
FOXM1.hg38.10000	-0.5086261021444962	0.031124864584388064	0.4506541170929139	-0.36901716202257256	0.13181370927624733	0.057506203186333676	-0.459258491386484	0.05520239462632932	1.2682338150826589
FOXO1.hg38.10000	-0.48406799753836066	0.0417945442015391	0.16210235841604428	-0.2788024631282765	0.2625702869406065	0.032578025684045706	-0.29581923522278414	0.23331615697348856	0.5369003739019661
FOXO3.hg38.10000	-0.5501429108860982	0.018004574371250717	0.3248529619358416	-0.32556964901916485	0.18737793290045401	0.05416044827634571	-0.4802411453635533	0.04368135577935978	0.955983914421666
FOXP1.hg38.10000	-0.5195188624884751	0.027129845245491984	0.34990522110812944	-0.3266438655301599	0.18584155627924742	0.06628881428652547	-0.3562841943662294	0.1467252090827236	0.5824537162730916
FOXP3.hg38.10000	-0.5008644032669923	0.03423859006586373	0.20242460143305913	-0.2759150139771914	0.267750915019702	0.04741785788038481	0.09891983234420056	0.6961579728370768	0.30459467577712146
GABPA.hg38.10000	-0.49310009802757643	0.03758809381071107	0.4071855391785505	-0.2691258707455948	0.2801797960876241	0.09812169529419533	-0.18693933536856058	0.45762480164429165	0.7191464628585192
GATA1.hg38.10000	-0.5117771720912139	0.029925217607589767	0.15110029480149598	-0.32979064552245013	0.18138938383434497	0.022937897215094035	-0.10687461390538719	0.6729587495268492	0.3073161260226098
GATA2.hg38.10000	-0.41025670217768073	0.09083658353268409	0.14796146180394862	-0.2885234232936206	0.2455914467017908	0.029130786928533135	0.013522104043434536	0.9575304553489208	0.250366907326873
GATA3.hg38.10000	-0.18978357332845822	0.4506847630668861	0.12646715927069382	-0.195003682868669	0.4380888389071187	0.025784141818064318	-0.2127235342230677	0.39672772733947914	0.2228996262829991
GATA4.hg38.10000	-0.21613606892928933	0.389015207722507	0.11121921667322776	-0.12835137087760878	0.6117599942993017	0.018546436541641616	0.018678293412547387	0.9413588696696383	0.2930236029594498
GATA6.hg38.10000	-0.17103029303460077	0.4974207183260315	0.10299869501023981	-0.09121878690487616	0.7188646328775523	0.019734360142457632	0.21741442158806373	0.3861474233243669	0.2724545239144313
GFI1.hg38.10000	-0.37929835361813435	0.12057278545823154	0.14159724292356055	-0.41426422465985335	0.08741836629635087	0.027564006547639904	-0.2909478980934415	0.24146779986125552	0.4417874727539966
GFI1B.hg38.10000	-0.3620930045222276	0.13978483176645692	0.2248636476152704	-0.28722426999386635	0.24781932189216405	0.050132822142329045	0.2878149344550802	0.24680483406932063	0.422636934550122
GLIS1.hg38.10000	-0.132687294655444	0.5996801353080945	0.1314773384820149	-0.18009991375947948	0.47453229948428943	0.028308171262304675	-0.031572066226514296	0.9010280480481506	0.36276923784264387
GLIS2.hg38.10000	-0.01704890519287478	0.9464671207734278	0.15753417375024326	-0.1462603867498411	0.562514617824284	0.0778179567263958	-0.26577753349817723	0.2864375912016724	0.2963239901639591
GLIS3.hg38.10000	0.28964144323624497	0.24368437187587133	0.07429329669406237	0.02970264131026483	0.9068634511731217	0.020941853829629965	0.4241685399926219	0.07937327725173383	0.2956058476136398
GMEB2.hg38.10000	-0.35254717297443755	0.15131382522735565	0.39108050344077705	-0.2380321659189142	0.3415268924980758	0.10732691947125009	0.03720782153083651	0.8834663998025192	0.4140480926171929
GRHL2.hg38.10000	0.0371376281068284	0.8836848293211318	0.20634022225089868	-0.06785667167281428	0.7890600844077117	0.03242150266245582	0.4514163513579428	0.060047841839226034	0.421045432892272
HAND2.hg38.10000	0.05503257178851841	0.8282980315154387	0.07575868658742968	0.19186809539022945	0.44563284537352976	0.013661170998776088	-0.13264353379963337	0.5998015643406216	0.45040331566315844
HES1.hg38.10000	-0.5950194385471637	0.009190622203683453	0.08756829185699866	-0.5317381316279368	0.02313571119873	0.019082680141321414	0.101460333947438	0.6887198023183636	0.3127882324927293
HES2.hg38.10000	-0.3283480272297634	0.183421494048427	0.09232231578471371	-0.2967315867123049	0.23180926928839843	0.019301519595535156	-0.5429744738325095	0.019883596115474127	0.2419334936230047
HEY1.hg38.10000	-0.10989887983209877	0.6642106957943795	0.20823881755052398	-0.2142944388116973	0.3931671087233968	0.10765810869390384	-0.44044563309748036	0.06735097003856906	1.1354012977913202
HIC1.hg38.10000	-0.4244225792884317	0.07917433939801961	0.13150998471585987	-0.30546193233830987	0.21770531957783865	0.0360557759341485	0.5418146690014123	0.020201585070636748	0.27895420116761055
HIF1A.hg38.10000	-0.417368388709956	0.08483573685873273	0.3175389416093199	-0.28624332204195796	0.24950994603148666	0.05890206523568169	0.17041941353818332	0.4989811634505148	0.41345354803865275
HIF3A.hg38.10000	-0.30708040772527145	0.21515328548632723	0.25615781532883175	-0.18639747224780795	0.4589530745394702	0.04102786551957015	-0.32385260678907796	0.18985122474360944	0.5228193003798796
HLF.hg38.10000	-0.30763321711276836	0.21428608414778375	0.10424749671901849	-0.3144874073178575	0.20372263768526916	0.01862701498005667	-0.31938972296452806	0.196380895266156	0.24864639011580036
HMBOX1.hg38.10000	-0.41654675406328084	0.08551384147667514	0.193771956760262	-0.262315412098996	0.29299684730585657	0.02766154178541057	-0.28730343013664994	0.24768320886657813	0.26699903397539354
HMG20A.hg38.10000	-0.20833336449894066	0.40677106439858013	0.13995856697984682	-0.23514553922949874	0.3475872095831838	0.018607803419463033	0.23998155547613412	0.33746902255339206	0.3703842043742333
HMGA1.hg38.10000	-0.4047151823170591	0.09572152680183765	0.4334988826219057	-0.4595862921073986	0.05500646415478274	0.038496321276492496	-0.6264510043369608	0.005406958029124321	0.5814661451769135
HNF1A.hg38.10000	-0.30165293304143054	0.22378861237836445	0.06428978326500884	-0.12629433602478063	0.6175246420395378	0.015066133660000624	0.4559443450927958	0.05721287220052084	0.26417714681384874
HNF1B.hg38.10000	-0.2949350193659837	0.2347825407835689	0.07873845136404502	-0.056645356193706836	0.8233400992507437	0.016564794712231504	0.07629507228312632	0.7634961516104976	0.23445056515221313
HNF4A.hg38.10000	-0.12977125103377393	0.6077935109170995	0.11082397412782156	-0.24493323357179095	0.32728804854661986	0.026330427645386956	0.3048556835393272	0.21866629420471825	0.387921329102249
HNF4G.hg38.10000	-0.027468185250409508	0.9138442325333829	0.1330074012283292	-0.21646622199167373	0.38827344293801636	0.028383374829445734	-0.15913114942020173	0.5282322553896671	0.3476559100015528
HOMEZ.hg38.10000	-0.4761111511935733	0.0457896595106296	0.35110664594934426	-0.3791598375351337	0.12071957433646781	0.031163158378426124	-0.443850525192296	0.0650173482693259	0.7989578065600245
HOXA2.hg38.10000	-0.3341350736982619	0.17536097222790278	0.049676132556055366	-0.3512404300365082	0.15294136034154127	0.04292382920536425	0.09523436589289991	0.7069953130636802	0.357359565244344
HOXA6.hg38.10000	-0.2579771403093293	0.30134331020527366	0.20541796247149172	-0.22825985008512506	0.3622902912803905	0.07633027198533712	-0.1905979108026568	0.4487077112130352	0.4580450983036313
HOXA9.hg38.10000	-0.566762199274756	0.01418531808557578	0.05972481001185358	-0.5328672374318917	0.022791265311744902	0.015834850125775263	-0.16211064110279338	0.5204357681219675	0.3209402212984327
HOXB13.hg38.10000	-0.18756990428881307	0.45608153935013906	0.10609483164143259	-0.3000261242474887	0.22641984591821976	0.02408484755287691	0.3952524519088962	0.10449702199972132	0.32153629702627246
HOXC5.hg38.10000	-0.39443452523065237	0.10528168928650804	0.2777959889492836	-0.2569555170848528	0.30332939109455587	0.027276483488931885	-0.2964489405088614	0.23227543430525466	0.9329957277993897
HOXC9.hg38.10000	-0.48153822900175036	0.04303471277173741	0.08630551603611893	-0.2413886603563771	0.334557438465091	0.014806979183183565	-0.27833930796541134	0.26339703739072123	0.5405395577428554
HSF1.hg38.10000	-0.40754987015232724	0.09319956945964596	0.17740129708028576	-0.3005931281458511	0.22550051175877392	0.04300164171428973	0.10259348991975692	0.685410803178318	0.39099819779842315
IKZF1.hg38.10000	-0.48440648981453865	0.04163069641222254	0.21193167694525783	-0.39359047716878526	0.10609582792665076	0.051879182715887935	-0.41120984132156235	0.09001495954945349	0.3426737113633932
IKZF2.hg38.10000	-0.46711989730504194	0.05064605214110793	0.09966521149704606	-0.4302520125611764	0.07470913613213576	0.01977618351201681	-0.002143652517125127	0.9932645234169917	0.2698512015732192
IKZF5.hg38.10000	-0.45361236124114057	0.058660101274343034	0.4622349926535549	-0.3196952622523126	0.19592918870248355	0.04816836236888968	-0.41320044365658626	0.08831644267795671	0.9899424804162322
IRF1.hg38.10000	-0.5453361051532393	0.01924827384879409	0.23867578519621477	-0.3871521832275049	0.11245465547374765	0.04514521900400291	0.08179529055318566	0.746956091921996	0.4055061737923848
IRF2.hg38.10000	-0.5103704048485361	0.030456280548415565	0.6021534800741293	-0.37546582639894016	0.12468088010495292	0.06112563259887752	-0.30747833875875	0.2145288147114331	1.6920463772153442
IRF3.hg38.10000	-0.203745664665748	0.417410876748299	0.20311157569610633	-0.17492813606925334	0.4875195228626016	0.047003778809672915	-0.2036519363200306	0.4176297818753363	0.260477836466326
IRF4.hg38.10000	-0.5870752459880685	0.010423429058057529	0.2674206733253353	-0.4435571351951541	0.06521602783575588	0.025567155812685153	-0.148351287419386	0.5568800758039466	0.8329804288738466
ISL1.hg38.10000	-0.2960579756892685	0.23292123676958387	0.04780039451057487	-0.020637425632648206	0.9352197460934949	0.008333292663864006	-0.049606106953940285	0.8450241568714205	0.18578949417282054
JUN.hg38.10000	-0.446646075749109	0.06314675844004149	0.2722381808871092	-0.31200940394024274	0.2075013769820786	0.05101387414344564	-0.4403353251256695	0.06742759722208744	0.3138343553417509
JUNB.hg38.10000	-0.325286127985317	0.18778484003061205	0.12456648019394001	-0.24359004593382017	0.3300317535986127	0.019399807841384	-0.30455314977050507	0.21914687198259036	0.3139573234020505
JUND.hg38.10000	-0.4359266380650967	0.0705434278737879	0.1955677289903904	-0.24779826663713891	0.3214805290748606	0.02828509817317467	-0.133867942212577	0.596407837254835	0.40995975928334394
KDM2B.hg38.10000	0.4037350889963356	0.09660484840696189	0.159351289356426	-0.18487737684512545	0.46268967827242047	0.10045844820383035	-0.07447862344769263	0.768980366928921	0.42686974216852486
KLF1.hg38.10000	-0.4027866655168671	0.09746521147505506	0.24232039315805615	-0.2549571755681446	0.30723689003204885	0.05116902101922121	-0.1263699363762764	0.6173123995799332	0.6283807233491837
KLF10.hg38.10000	-0.39870582973622126	0.1012302189231457	0.37481786337554057	-0.258530065521422	0.3002716665990996	0.08856883173087181	-0.029210734034791325	0.9083997043310861	0.4142100325651967
KLF11.hg38.10000	-0.32685787726666826	0.18553647717253574	0.3546102855633273	-0.24850514529479104	0.3200570647318225	0.08407861701157565	0.3412472281026091	0.16578588951563736	0.42872668248702356
KLF15.hg38.10000	-0.41913290718022356	0.08339272939870158	0.3322183689743664	-0.249282113269158	0.3184967581015501	0.07221491794834807	-0.45036734835791553	0.06071934268982962	0.6305224741670256
KLF16.hg38.10000	-0.6338962441665226	0.004729503281221114	0.693509923133435	-0.49909425679247077	0.03498117067248502	0.05286009904188215	-0.5805793500382664	0.01152702976304945	2.628202206600401
KLF4.hg38.10000	-0.40168530546375525	0.09847122663996713	0.24395058924069848	-0.27019302581072396	0.2782031234096383	0.04901718312011146	-0.08062973397191167	0.7504526004112826	0.43480907532702284
KLF5.hg38.10000	-0.3590459024955658	0.1433964880189539	0.3498639609469057	-0.24654314613741352	0.32401718058899154	0.07870008087815263	-0.2834668504699943	0.2543344133942296	0.5318267989708669
KLF6.hg38.10000	-0.39269054948561255	0.10696881531882581	0.3208925745374916	-0.2883907722520989	0.24581834259504196	0.07527338852021	-0.31754940275783655	0.19911616326609471	0.7483105830254975
KLF9.hg38.10000	-0.39327283120519735	0.10640338086372154	0.4297294602608341	-0.22728105726123587	0.36440843015960434	0.08649508461214503	-0.32365643220047885	0.1901351762482968	1.0086427963329796
KMT2A.hg38.10000	-0.024851360237920075	0.9220271925817672	0.21981470569478964	-0.1731205135119621	0.49209921503410803	0.11663867247854134	0.06273184742199422	0.8046880596072037	0.4423404272756646
LEF1.hg38.10000	-0.25629712079043215	0.3046134923932381	0.32528053430803905	-0.16419286771839628	0.5150191593995195	0.07293822479741871	-0.0032682437205006003	0.9897311405343039	0.6686289366590557
LYL1.hg38.10000	-0.6636690977250289	0.00267266984230079	0.16934897552892433	-0.5311151722754178	0.023327487662203505	0.02231318776348293	-0.38029584593814564	0.11951943811421405	0.427166998589096
MAF.hg38.10000	-0.6295149895290936	0.005119204539140108	0.26763002153231086	-0.4484113101709989	0.06198642895944658	0.04235959779873823	-0.3179518323925288	0.19851589798237343	0.8213679089633891
MAFF.hg38.10000	-0.5256886001784722	0.025051138543111223	0.08019481357026692	-0.25901610041786594	0.29933156141212314	0.00920480415226459	-0.3800626480492486	0.11976510944209841	0.3012918000048274
MAFG.hg38.10000	-0.5585358810310984	0.015985760255219944	0.12875965861421862	-0.3585108045293351	0.1440373278911627	0.012605924382553793	-0.15594934552747095	0.5366169455382578	0.3158610931347253
MAFK.hg38.10000	-0.5280709008643337	0.024282615375234635	0.10725676290347108	-0.2687631737820013	0.28085356863662536	0.012995153778956492	-0.3251204231648851	0.18802293049927038	0.2904727196290302
MAX.hg38.10000	-0.46171096380272714	0.053749171227907164	0.46970746907018374	-0.29588412983974965	0.23320876708970092	0.09735058913357829	-0.24028114813125181	0.3368478771917427	0.7376093939741845
MAZ.hg38.10000	-0.35095221360208584	0.15330194163264044	0.4045100862148803	-0.24892129637326676	0.3192207903223725	0.0806941323491208	-0.08158128945596545	0.7475977155402115	0.558037438026667
MBD2.hg38.10000	-0.20158887157976368	0.4224635600128801	0.2023534442679017	-0.10454929402471351	0.6797123617201644	0.052375077785696666	-0.11275674797225328	0.6559817271558323	0.3581898965245389
MECOM.hg38.10000	-0.6044358703277866	0.007884097085694132	0.21280982284258515	-0.4367426124109537	0.06995886073812894	0.03773381452626035	-0.2939828461223112	0.2363681955196925	0.32360284915503806
MECP2.hg38.10000	-0.5026903919216487	0.03348536800617865	0.2160359366544859	-0.22075975947417978	0.37869806689726626	0.03167480157996424	-0.47836500842256546	0.04462973345598148	0.5602732783230848
MEF2A.hg38.10000	-0.47283075434974176	0.04751861717584747	0.08879173894673288	-0.43099834233738127	0.07415115626662051	0.012597787927952657	-0.36984562096955187	0.1308817473923276	0.3615196703994058
MEF2B.hg38.10000	-0.4900725728084851	0.03896015755858871	0.09911802584627447	-0.39647507749720456	0.10333193579149869	0.015754403791987885	-0.23363604310923122	0.35078072610304023	0.40031033984267145
MEF2C.hg38.10000	-0.3902704490337871	0.10934191192192397	0.07878566580939185	-0.2935917571657167	0.23702145091222904	0.011970033485046367	-0.24934247638862633	0.31837572546521564	0.25069949078307474
MEIS1.hg38.10000	-0.5664691138391628	0.014246561972866013	0.12290615517713832	-0.4241526035344604	0.07938576927829404	0.018691967608673074	0.019150959422743957	0.9398774261479799	0.28344036136257605
MEIS2.hg38.10000	-0.285903502112276	0.25009730372122185	0.12844325863466283	-0.2833795206924981	0.25448710296770394	0.022668423821595233	-0.2574174218294577	0.3024304576412232	0.25008016345453554
MITF.hg38.10000	-0.4304077142640989	0.07459247408539627	0.17937658550673294	-0.28874409154796904	0.24521429353967578	0.04847628004812299	-0.08037192769757988	0.7512266115137956	0.2727778520602858
MIXL1.hg38.10000	-0.5051371437360074	0.03249618748930268	0.5542211391067723	-0.4202000744730505	0.08252875771245617	0.039120682162975956	-0.25747962463242274	0.3023095243080345	1.5655112832464702
MLX.hg38.10000	-0.3705512865823232	0.13009156371286995	0.20652358201747925	-0.2837305130707003	0.2538737681386654	0.03792465518077496	-0.3659228795078801	0.1353355807893825	0.43732218818833507
MNT.hg38.10000	-0.4007354540417946	0.0993448372409543	0.24263571411107954	-0.2976365556908437	0.23032074903164243	0.07042325091093747	0.21964782193168908	0.3811652040386615	0.2919079214617099
MSC.hg38.10000	-0.5663865665830403	0.014263849135603555	0.6566682165051002	-0.5218909507878097	0.026315344030097974	0.04724379777047405	-0.49195524594768464	0.03810250750889658	1.759293308270665
MXI1.hg38.10000	-0.39884610917308627	0.10109908831540683	0.3182154005797334	-0.23651984344888152	0.34469427730500857	0.09464233337697625	-0.3627135051665481	0.1390571805254481	0.33443387320398604
MYB.hg38.10000	-0.4484950808621435	0.06193176279860967	0.1975936008153233	-0.33715295325136374	0.17125361112641582	0.04028581588716791	0.19068719185602823	0.4484912249844294	0.3421370150860409
MYBL2.hg38.10000	-0.43251796496215106	0.07302454068709079	0.31022297768657786	-0.35014820209769043	0.15431090454526863	0.046967632036326236	-0.3304021346048562	0.18053259186704065	0.6682178623331582
MYC.hg38.10000	-0.42096159617736506	0.08191624823036084	0.42831581893777215	-0.2556509942913107	0.30587682401709976	0.10443717065613874	-0.37985392221088515	0.11998530213122678	0.6918834159870613
MYCN.hg38.10000	-0.42865770346551024	0.0759114439561757	0.5083292028817926	-0.28419630500807863	0.25306126394195655	0.08960826794011603	-0.24797900299872536	0.3211162199933171	0.9823963630021156
MYF5.hg38.10000	0.11707322921279115	0.643624198589922	0.1260291954736749	-0.16764502624834804	0.5060975420798569	0.037200511376670596	0.1892158295850566	0.45206576257767783	0.2677711987720831
MYNN.hg38.10000	-0.5777917521386076	0.012028367439126691	0.24372199072310963	-0.39664289380603096	0.10317274734987145	0.034169280718896605	-0.45257810888569494	0.05931065974296754	0.441738940105875
MYOD1.hg38.10000	-0.18523781408566212	0.4618022916907505	0.15439493376445823	-0.24815992848105065	0.32075177357183077	0.03858941131532811	-0.17950053231451943	0.47602859950683685	0.41924640598294866
MYOG.hg38.10000	0.12583370263966093	0.6188184591154386	0.11244712139333132	-0.09086070019755159	0.7199260962862429	0.023012667603279875	-0.07736057629119268	0.760284146373787	0.33069937037648867
MYRF.hg38.10000	-0.4300699088226081	0.07484575079188532	0.4003034043707213	-0.28548210864983026	0.2508268654811359	0.06594509482039672	-0.1868933871703467	0.4577373591484264	0.7226143543201184
NANOG.hg38.10000	0.10632966069272538	0.6745393883598516	0.09176789625604848	0.11754259777739955	0.6422857327047782	0.01384877532194104	0.4559584656335791	0.057204191356799154	0.2574453491333336
NEUROD1.hg38.10000	-0.2645788310808273	0.28869841179091515	0.15296474687004621	-0.20833978932979433	0.4067562671894981	0.04369034748366864	0.3942816917238098	0.10542877443442769	0.20324311642696893
NEUROG2.hg38.10000	0.14531294153637786	0.5650759346732273	0.09860586819520145	-0.029652934294403018	0.9070186746873438	0.017700662131894206	-0.10719654879248984	0.6720255881472754	0.316985509006824
NFATC1.hg38.10000	-0.2503518249638989	0.31635593465641	0.18042833715087694	-0.1934779805804625	0.44175125997536846	0.0959965965542893	0.2544302985965645	0.3082721163624142	0.4439429598164679
NFATC3.hg38.10000	-0.3618599082406896	0.14005886175538076	0.11553180206311456	-0.3212082519048592	0.19370252501414303	0.03745529869613176	0.11384556182140179	0.6528564136034088	0.29120167431128696
NFE2.hg38.10000	-0.5895678779759431	0.01002314756098273	0.3529649320969259	-0.3987735994418941	0.10116685381607007	0.04224499866172754	-0.2126060254085434	0.3969947770721767	0.7496262581693452
NFE2L2.hg38.10000	-0.5334180165955841	0.022624707897258158	0.172394759449035	-0.4388776364692671	0.06844628924310957	0.020129028302946907	-0.010209554001303705	0.9679284647747595	0.4084109666566842
NFIA.hg38.10000	0.13062134634143505	0.6054237092818967	0.19574596466749317	-0.18332416086055398	0.4665234512584733	0.028278176689273946	0.34514679827045747	0.16068950927924552	0.5631479735204883
NFIB.hg38.10000	0.5101853483434059	0.030526679968990396	0.15247257172601367	-0.06917172275729076	0.7850619575847427	0.021670388262801755	0.6105862532263052	0.007114821566726934	0.6478898195992168
NFIC.hg38.10000	0.10633201434812803	0.6745325587796728	0.2164739085365622	-0.12661037182170998	0.6166375864675652	0.03282104900357908	0.46471492933385317	0.05200861863859183	0.44184504875183456
NFIL3.hg38.10000	-0.45180373095977167	0.059801276712752205	0.14230542301135968	-0.3366746452351622	0.17190021762603233	0.01907598188429674	0.21419489915074247	0.3933922056401695	0.22123790272418783
NFKB1.hg38.10000	-0.44681985010903114	0.06303181967502357	0.170177218878853	-0.322541685304396	0.1917540663221178	0.028869799454021502	0.2544907284567233	0.3081532760707629	0.3425850774843722
NFKB2.hg38.10000	-0.41580523240501766	0.08612921234744954	0.15404701889546207	-0.23743717631049877	0.3427710174910983	0.03112734803548218	-0.09770859511175745	0.6997136332294476	0.3054249288439676
NFYA.hg38.10000	-0.40390401290893657	0.09645218573587026	0.428262569275259	-0.2647205392954175	0.28843057805126315	0.09147551951627389	0.042833830186083534	0.8659865357756329	0.9847220859239093
NFYC.hg38.10000	-0.29087459917256314	0.24159182080960875	0.36232886641125756	-0.2310125359979872	0.356370830533395	0.08245712290137668	-0.03037452258962406	0.904765638567907	0.41873562550580556
NKX2-1.hg38.10000	-0.1876632864434013	0.45585321954099445	0.15998691646606264	-0.2658712414656807	0.28626130878055434	0.02210634682157984	0.15368288485909928	0.5426261108218415	0.22390100576537472
NKX2-5.hg38.10000	-0.14581698747805458	0.5637126703520454	0.11877949912698273	-0.08805553879841499	0.7282580701642931	0.022926952335411647	-0.14167675866249654	0.5749526173352519	0.2369524875617093
NKX3-1.hg38.10000	-0.181758003164974	0.4704052134369887	0.10647123954708014	-0.30735255064161104	0.21472608565025747	0.024409684489120436	0.30609814671371754	0.216699796694887	0.3253942263411862
NR1H2.hg38.10000	-0.22482337840940175	0.36975761434757914	0.185235783966651	-0.19487766032908047	0.4383907551185361	0.03845713580485927	-0.32908637321378736	0.18237954826589936	0.5010638594657307
NR1H3.hg38.10000	-0.18802946070799043	0.45495848202970135	0.1507213312072055	-0.15821726129245836	0.5306343509819558	0.02292241420282537	-0.20272329461747804	0.41980194617395217	0.3157723033301558
NR2C2.hg38.10000	-0.37270551742665853	0.1276999930792788	0.2476501735935882	-0.2976138907677779	0.23035795393228217	0.05789720376027273	0.037752612821427126	0.8817713787303928	0.49699128634481404
NR2F1.hg38.10000	-0.2332930115848289	0.35150878258714446	0.12099797851124108	-0.2960859486151464	0.2328749924760411	0.03357147233453571	-0.29807640394186735	0.22959949307720331	0.33317445526351286
NR2F2.hg38.10000	-0.25024583532703093	0.3165676713349162	0.1499791694376857	-0.27742546171149246	0.2650330381287478	0.031001603871252833	0.01642472711100142	0.9484245015123014	0.3736547121158452
NR2F6.hg38.10000	-0.46570815975807295	0.051442580311252324	0.14451339503698057	-0.2575448967656871	0.3021826548723545	0.02212527606745399	0.012224806213448725	0.9616019512929261	0.32407322080190953
NR3C1.hg38.10000	-0.09866230400983526	0.6969134613365988	0.12257583036695213	-0.11786209382914076	0.6413752471047172	0.02646663969104917	-0.29468540511124497	0.23519756448335458	0.29829385185240276
NR4A1.hg38.10000	-0.5761744069224312	0.012327125541691363	0.1656545560174984	-0.4104135174411178	0.09070103336667835	0.021886960054963468	-0.4413110774771482	0.0667520159076637	0.4527373051265725
NR5A2.hg38.10000	-0.006151862543400665	0.9806720019941613	0.1312973419411997	-0.15841690247139414	0.5301091802221344	0.03503011010397923	0.1258525472632951	0.618765507785723	0.32049914677032915
NRF1.hg38.10000	-0.33948869056966363	0.16811962275166611	0.40100085034665395	-0.21449896416119302	0.39270482044898014	0.09314516949233602	0.0991200396027717	0.6955708301277963	0.5021403890152122
ONECUT2.hg38.10000	-0.5187600654370997	0.027394489453120178	0.061547480798193575	-0.2706817314094441	0.2773007697647851	0.009938728724014391	0.28338882282152206	0.2544708361543326	0.32835192065089636
OSR2.hg38.10000	-0.1513984982496641	0.5487132480272386	0.11862253815671481	-0.15996255261956213	0.526051319829139	0.024388023952236222	0.5941438524388315	0.009320450782991358	0.28308638308627915
OTX2.hg38.10000	-0.3190405692464827	0.1968979230474049	0.09849090654458288	-0.21568655205578469	0.3900264010328466	0.017713578538254587	-0.02034963474260018	0.936121355787787	0.2767415625184657
OVOL2.hg38.10000	-0.2610148978253685	0.29548407751741046	0.11232911909167673	-0.2462149764031089	0.324682360039238	0.04844331124268347	-0.23467548274336755	0.3485798745384665	0.34691744781982475
PATZ1.hg38.10000	-0.25478325472327673	0.30757838584136665	0.2331004722523005	-0.20046758508623325	0.4251030959514538	0.07732578943424855	0.19594817349594604	0.4358295317447196	0.34163441056247046
PAX3.hg38.10000	0.09431030256875246	0.7097210978593682	0.07559409528066853	-0.05184200569025554	0.8381243401572525	0.00884242473055007	-0.4254023957191665	0.07841047069937081	0.23880082424335516
PAX5.hg38.10000	-0.43547344600333715	0.07086965278864488	0.20848832391059485	-0.3002358631687462	0.22607949671338778	0.03284107984719143	0.058855304844533295	0.8165567569248955	0.3868154543269145
PAX7.hg38.10000	-0.06043540688527707	0.8117142682341892	0.07062165219087102	0.016130541311586012	0.9493471466059873	0.010947022416336709	0.0845472538060545	0.7387193230084366	0.24992188778935376
PBX1.hg38.10000	-0.41865794242438437	0.08377937482122236	0.12987763527234078	-0.24655594029740313	0.3239912638659874	0.029917611427853045	-0.09869282617622618	0.6968239069182296	0.2602536346155874
PBX2.hg38.10000	-0.26243573970590417	0.29276736406141934	0.16433731350510938	-0.2801179085002645	0.26023099330541	0.03312870427411002	0.22903053272749824	0.3606274191346832	0.22937318509142565
PBX3.hg38.10000	-0.30863314116868734	0.21272327140175573	0.24354551126203872	-0.26948761948646727	0.2795087730531791	0.051056267602901266	0.2289579506594131	0.3607838419955641	0.41764142042540314
PBX4.hg38.10000	-0.030665052398859027	0.9038587033443835	0.11224380202148584	-0.24600336405545095	0.3251117100423213	0.013547804410547287	-0.019356714053055835	0.9392326024129534	0.3062580388638616
PDX1.hg38.10000	-0.05529067127562383	0.8275041762865669	0.10148671006514419	-0.06708436647284848	0.7914104565748424	0.01990099324614258	-0.42656348592373483	0.07751229943021892	0.2574488069542176
PGR.hg38.10000	-0.07261551186209202	0.774616325484331	0.15844132364192434	-0.17271198706185784	0.4931371118772533	0.03612346910845635	0.17556525109460838	0.4859103299771591	0.2965626381527807
PHOX2B.hg38.10000	-0.2674889422362485	0.28322853738608045	0.17282141027117445	-0.25359563388748785	0.30991635087333663	0.017011571916498613	0.1027302933969404	0.6850116817251001	0.6048804649155249
PITX3.hg38.10000	-0.26084869090327345	0.29580286445005033	0.14533572124135746	-0.19786176480817208	0.4312707001150655	0.028354807733383294	-0.21560175295482037	0.39021731911986846	0.31171560139540927
PKNOX1.hg38.10000	-0.35712094409786377	0.1457110885325928	0.22426865544383695	-0.28067142419035257	0.2592505643093141	0.04979454950487744	0.2598505334670508	0.297721711066633	0.24252451073575726
PLAG1.hg38.10000	-0.3304248041803304	0.1805008804696603	0.2030846446581873	-0.32091143590371707	0.19413802067315414	0.05215808282842489	0.28724465620617806	0.24778426401604822	0.40086342806215036
POU2F1.hg38.10000	-0.4848880739319495	0.04139843023613214	0.18033175099421345	-0.3665470851851455	0.13461989554368323	0.03417030143340911	-0.2364927239692206	0.344751229768574	0.41125328711952264
POU2F2.hg38.10000	-0.46780386630163195	0.050263511069153825	0.24819903433320753	-0.3078742217828988	0.21390872904650773	0.043809612116809206	-0.0697706169227641	0.7832428390494229	0.44450717044312876
POU3F2.hg38.10000	-0.325217895832558	0.18788285404265964	0.21446900164975113	-0.21432402196881462	0.39310022356653773	0.049962431515832004	-0.1760412080617177	0.48470987700570756	0.31016797569467497
POU5F1.hg38.10000	-0.2463468859017725	0.32441489141810065	0.11743170716125151	-0.15799188879833084	0.5312274961379126	0.02415352388320216	0.13116464428187866	0.6039111237311696	0.31747958056237396
PPARD.hg38.10000	-0.14788756180023496	0.5581275745266203	0.18807802330960122	-0.21288682989928862	0.3963567851983154	0.032902197705560375	-0.26211034946012524	0.29338818427340674	0.5438190792023646
PPARG.hg38.10000	-0.5486195285692668	0.018391657338635438	0.2662626453524529	-0.3928253696071553	0.1068377053603316	0.03758538155670455	-0.5017625283814908	0.033866498852055386	0.651694022147288
PRDM1.hg38.10000	-0.5579467730396392	0.016121326854066642	0.16312951296841927	-0.4894904714155614	0.03922830207224039	0.030101617516744002	-0.10314581278558718	0.6837998990461458	0.3427701872290743
PRDM14.hg38.10000	-0.01614449511364129	0.9493033823688655	0.12142283025319872	-0.1324233362952482	0.6004127278555959	0.03521720626713168	-0.045519039846137324	0.8576639867612533	0.3685565936785793
PRDM6.hg38.10000	-0.3855359426607128	0.11409259262055542	0.04385863065772538	-0.28432013509642057	0.25284553627633155	0.01383948332940398	0.26662769577260464	0.2848406976276932	0.40702674166671726
PRDM9.hg38.10000	-0.33352965661195655	0.17619286392103592	0.17179842368062306	-0.32463405829717495	0.18872291680382708	0.026593169652328476	0.096955726257695	0.7019267296813274	0.3815815815371088
PROX1.hg38.10000	-0.34279799850522613	0.16374620911473897	0.17601342093409134	-0.21088113188858257	0.4009260052756808	0.025411218033419555	-0.3053614199192773	0.21786445363099893	0.3472330128018436
RARA.hg38.10000	-0.4833700937162835	0.04213391856705619	0.27496332504488435	-0.3255617776404306	0.18738922190709673	0.06025218274667907	-0.09506556199691975	0.707492995674879	0.6817047506609833
RARG.hg38.10000	-0.1250517117371076	0.6210173403406625	0.17302114486263145	-0.23535440157390233	0.3471466555045316	0.04657278828551332	0.11058331789864163	0.662236545823035	0.136289026840448
RBAK.hg38.10000	-0.26605708695088837	0.2859118939466539	0.16305052546842694	-0.18496476887749952	0.462474442697398	0.035075178638856536	0.16377549782611198	0.5161027636433817	0.40002257463438545
RBPJ.hg38.10000	-0.4383553282580603	0.06881406105217386	0.42334689122053837	-0.26516773767744856	0.28758634828280555	0.08490276806859774	-0.3450209592035044	0.1608522811787383	0.492438147182469
REL.hg38.10000	-0.44793355605441587	0.06229888495365874	0.18938013521489036	-0.29412019866937544	0.23613904157631466	0.052162424139796264	-0.02875973575616193	0.9098084684115432	0.532636443060212
RELA.hg38.10000	-0.5047335694270763	0.03265777231646406	0.26714995872517766	-0.2905561027943595	0.24213118281656543	0.05893691678076255	-0.08657907026811291	0.7326552588498809	0.5653851922932457
RELB.hg38.10000	-0.4058846444817197	0.09467518280587238	0.13625843918647937	-0.2785098948774478	0.26309234460734604	0.02738444783334128	-0.33212814659715695	0.1781288242976965	0.2806955176835523
REST.hg38.10000	-0.3440672295348817	0.16208957762343934	0.2675479750950744	-0.2665800974208355	0.2849299595918094	0.04908976458776719	0.39895395402696265	0.10099835996410413	0.7111379483126462
RFX1.hg38.10000	-0.33870479043190493	0.16916706084639624	0.14233001808254456	-0.22905089916600346	0.3605835339751401	0.036603103270787314	0.14346775470668988	0.5700786676018815	0.5037049508239969
RFX5.hg38.10000	-0.5205776100872394	0.026763916007025004	0.4129824880928205	-0.3054266173658029	0.21776122262816838	0.06457827232812234	-0.5019134408766642	0.03380428319665392	0.786839363767559
RUNX1.hg38.10000	-0.5674389450069016	0.014044702942384782	0.29884252828325003	-0.3489024904637418	0.15588313567022788	0.05974399709501471	-0.22140121223482667	0.3772788742213682	0.5186340004406925
RUNX2.hg38.10000	-0.22512414884464596	0.3691006284058893	0.12667720184122208	-0.10764887748929278	0.6707152375819676	0.0219244389161602	-0.3692968952071702	0.1314985106534224	0.4656865133323175
RUNX3.hg38.10000	-0.4753652222696344	0.04617854280617876	0.22747483312086855	-0.2829543096975259	0.25523137457515743	0.025438686528211112	-0.316849668395918	0.20016273616586533	0.4964719253384074
RXRA.hg38.10000	-0.5617676296720656	0.015258045092926071	0.3565776513449104	-0.3899494077832031	0.10965951480326476	0.0595799548590372	-0.25298316864494563	0.31112618493408956	0.5735452201393412
RXRB.hg38.10000	-0.45500441897255395	0.05779293244144331	0.2845215794663737	-0.34626697920489136	0.15924551069752962	0.026026952353350015	-0.28115344694093564	0.2583986524198351	0.7436484738727077
SCRT1.hg38.10000	-0.1798066400394808	0.475264138554201	0.10287070047123191	-0.22927653970278633	0.3600975310541924	0.02019213219650952	-0.34321931888857377	0.1631950204087388	0.3164287657524314
SCRT2.hg38.10000	-0.06589660151646701	0.7950285427426952	0.07293557576225435	-0.1931256996804493	0.4425991456837497	0.01661718727339955	-0.11530741518339176	0.6486689751006212	0.2477832095360288
SETDB1.hg38.10000	-0.42536036981765196	0.07844312279515507	0.21229990470278323	-0.35393313822893674	0.14960066963966762	0.0525131075198684	0.1501767675099035	0.5519811896871448	0.2494319388932195
SIX2.hg38.10000	0.2737710825230958	0.2716382378945287	0.07450362064705503	0.2489303298357806	0.31920265149563914	0.01563651894458328	-0.04425835679979037	0.8615696269290049	0.30558037991496523
SIX5.hg38.10000	-0.42835847834257945	0.07613867425288737	0.3858335626755545	-0.263813094923432	0.2901482972538864	0.08929524408492767	-0.10411074564291406	0.680988695737007	0.47872081838793573
SMAD1.hg38.10000	-0.42783477975122025	0.076537572292222	0.19687549477969457	-0.2786845930798083	0.26278053609801716	0.03385163982788244	-0.09870435290142117	0.6967900875989241	0.36451882241186717
SMAD3.hg38.10000	-0.27624819214666885	0.2671499190437822	0.12406897466972024	-0.24720182617480263	0.3226844972627424	0.019535135358545987	-0.28215502245661417	0.2566341055577608	0.25927414882691585
SMAD4.hg38.10000	-0.34448363483574856	0.16154857060538969	0.2592962793335997	-0.21153418945870048	0.3994351377012021	0.050157451444137496	-0.36318663898482884	0.13850411502465723	0.5838197331183359
SMAD5.hg38.10000	-0.24744589395559227	0.3221915043215984	0.2098735202028628	-0.23957384859844386	0.33831538736358135	0.08940987453984858	0.04750443920148778	0.8515195555795195	0.7276678340141123
SNAI2.hg38.10000	0.14035623632145203	0.5785575838728432	0.11481692417674402	-0.1499352391764299	0.5526282604442309	0.044884300248151224	0.17221125247707328	0.4944107135076863	0.2980081497213141
SOX13.hg38.10000	-0.160533822038119	0.5245551790625177	0.11872237011660604	-0.13531276949567822	0.592413361015823	0.02167530664334545	0.03598496036237826	0.8872728583930496	0.3658968516195516
SOX17.hg38.10000	-0.21571012062588502	0.3899733474712973	0.1283897872622159	-0.08349133881187897	0.7418765852834879	0.029796828749573123	0.04664246769963711	0.8541862137321381	0.3969992221088495
SOX2.hg38.10000	-0.19952810483239697	0.4273213306782876	0.1364689092214983	-0.08855328115037268	0.7267775141637369	0.024361560573738415	0.3039775895687761	0.22006304282343644	0.27965351358546847
SOX4.hg38.10000	-0.2513900107147872	0.31428637630612954	0.24744354743717026	-0.2455080154198596	0.3261180483606464	0.06974563550921242	-0.05928918539375223	0.8152264195385062	0.40938656383560096
SOX5.hg38.10000	-0.254179399485392	0.30876582265253316	0.1527702224394157	-0.09634072629149958	0.7037362493171722	0.018353131208064692	0.26678458055948634	0.28454660989880487	0.48349813424734805
SOX6.hg38.10000	-0.4069555426505334	0.09372429992639228	0.14628203561122316	-0.2430278374493434	0.33118414387959194	0.02361303119552545	0.05534873790007995	0.8273255984710719	0.28001801911656005
SOX9.hg38.10000	-0.347597926539311	0.15754136298524846	0.32609478890904187	-0.22816625032661628	0.36249254256794883	0.07020188273662029	-0.14876443402733855	0.555769677244547	0.4234508638135901
SP1.hg38.10000	-0.3343834933988707	0.1750203899012987	0.608609950817488	-0.22923742178030762	0.3601817598056075	0.10990147816751708	-0.034431430320986604	0.892111982965704	1.0174526387420253
SP2.hg38.10000	-0.32681578833975167	0.18559644958246443	0.38862487984478167	-0.23022306903002498	0.3580628672919468	0.09245024849402136	0.4058528386080519	0.09470353039747613	0.29294622472539117
SP4.hg38.10000	-0.3868802838143466	0.1127290279326897	0.34563134947788915	-0.21763287365854056	0.3856585288319604	0.07490200711049548	-0.1927044617353753	0.44361410208919383	0.4226206519778887
SP5.hg38.10000	-0.33939813138189584	0.16824040188616268	0.3601756964750904	-0.2664330631293987	0.28520580320947353	0.07732118970767381	-0.18664933686566593	0.45833543462753557	0.6849993140192188
SP7.hg38.10000	-0.35443829847774	0.14897958764418767	0.12721644222545386	-0.22786597535595984	0.36314181031795634	0.03229292669551549	-0.5723874318559997	0.013049853849267866	0.31750000317151283
SPDEF.hg38.10000	-0.09706298599323564	0.7016112943089802	0.17780847600481692	-0.15625358903565617	0.5358125990104067	0.0429312304969134	-0.03657722267261192	0.8854289969395424	0.3616995816147062
SPI1.hg38.10000	-0.7002840865320774	0.0012112249329106065	0.21591044216894165	-0.5540288913728101	0.017046242195964578	0.026282119684923333	0.07876901660255552	0.7560440725349289	0.4844626348459758
SPIB.hg38.10000	-0.611834036257207	0.0069664224436732005	0.13479048099895707	-0.3923424856843121	0.10730783218534898	0.019414122857882583	-0.2164003203820394	0.38842144390793665	0.49711327848583525
SREBF2.hg38.10000	-0.4588132985824789	0.05546933105966248	0.22144054161213286	-0.3481287305326548	0.15686521120816957	0.04384712022075581	-0.2346581281347186	0.34861655507504685	0.4793055718634393
SRF.hg38.10000	-0.5205942326909682	0.026758201616832476	1.0018410862491975	-0.4821445167897771	0.04273496988575087	0.058507915174120136	-0.4274948940906496	0.07679728209681581	3.55123230936204
STAT1.hg38.10000	-0.5568407997360684	0.016378293546281227	0.4217398510994766	-0.37976628503500615	0.12007783904856184	0.06967372561531675	-0.45744893479732124	0.05629344188863215	1.0056893380056953
STAT2.hg38.10000	-0.4031885203995826	0.09709999679733626	0.2055838951290308	-0.2582190531159794	0.30087416812339024	0.06446761184838228	0.00909557453542697	0.9714264035893782	0.24703310587956376
STAT3.hg38.10000	-0.44727480045997114	0.06273164253183199	0.21665008105053823	-0.2902007094681855	0.242733930064851	0.046297604259557354	-0.17066537553493263	0.49835259006720845	0.41256560246105484
STAT4.hg38.10000	-0.3620864163092151	0.13979257181115481	0.14209664213107995	-0.257677809096578	0.30192441204363657	0.04129183639745149	-0.22633195216874066	0.36646897775668685	0.32013035403568346
STAT5A.hg38.10000	-0.5226560207144348	0.026056746337542184	0.2066802401824348	-0.3024902720292305	0.22244200773226425	0.04180962470998123	-0.13113023620578945	0.6040068731402922	0.23194725771573468
STAT5B.hg38.10000	-0.4508916680106965	0.06038301101685481	0.19243969036412245	-0.3000935488660249	0.22631039815493445	0.04544830545569219	-0.25298796686579217	0.3111166958507699	0.5600620391750601
STAT6.hg38.10000	-0.446969492858108	0.06293296718606084	0.16568101042698746	-0.37239210243836646	0.12804600622759021	0.0406061297875951	0.12034905267094538	0.634304743826249	0.3654781915157118
T.hg38.10000	-0.05360667248269574	0.8326866075639795	0.10271500573859989	-0.02517882177352844	0.9210027775613215	0.022078371733517715	0.31100530302623963	0.2090455156403093	0.27496109876689984
TAL1.hg38.10000	-0.48284877901342377	0.04238879015461854	0.15566061842293205	-0.2734129408110573	0.2722909926859809	0.023998434591764026	-0.24204312184232482	0.33320822079441403	0.19015047504628357
TBP.hg38.10000	-0.4277484265813594	0.07660349427140825	0.37463904318213925	-0.2415046706338276	0.3343180438483322	0.10736407064144488	0.0023791492901287107	0.9925245979102916	0.37252919715099625
TBX2.hg38.10000	-0.19252857037521448	0.4440382602874723	0.10942528209641622	-0.06733429770129316	0.7906496473757201	0.02284628565339935	-0.12749755618448674	0.6141501209399461	0.2478665219913229
TBX21.hg38.10000	-0.5355907968776374	0.021976929039116723	0.17618935339478833	-0.40649037197185145	0.09413648650838462	0.025321216778604196	-0.25370739525766917	0.3096958858419238	0.6811635359362624
TBX5.hg38.10000	-0.0427448243856916	0.8662626353112023	0.09957405208381914	-0.01881144619539143	0.9409415196219941	0.01891382064493129	-0.09145896401951376	0.7181529586721334	0.24065269073413822
TCF12.hg38.10000	-0.4587255929015446	0.05552203330025906	0.3501987912703516	-0.3368714325758418	0.1716339890224724	0.0615972581749004	-0.13477254475849984	0.5939056094118857	0.5633846545941064
TCF3.hg38.10000	-0.4848448531970902	0.04141923492898187	0.19409986036989724	-0.37645703074276304	0.12360909939924164	0.03869995380324491	0.051982890790749164	0.8376899500433905	0.4345356915633453
TCF4.hg38.10000	-0.26365824173363833	0.2904420411081534	0.11116538780202853	-0.11942340583880055	0.6369329097539453	0.023530100384446584	-0.09414657909786377	0.7102043972922671	0.21551971369564712
TCF7.hg38.10000	-0.08144212256935325	0.7480150540461001	0.1048558733020188	-0.21217461475602226	0.3979760368095093	0.019461788058958002	-0.20855148225434914	0.4062688733970222	0.2464551530685301
TCF7L1.hg38.10000	-0.06993506624667041	0.7827435171177626	0.29764112595891007	-0.10957902606524336	0.6651339843653796	0.07123371750606994	-0.013383984694225746	0.9579638892373213	0.7277207686440598
TCF7L2.hg38.10000	-0.2933304304765556	0.23745859894622345	0.1689076109706797	-0.25531899433874083	0.30652718052104716	0.03591242151211074	-0.0665159778547996	0.7931413406549719	0.17718443107256332
TEAD1.hg38.10000	-0.38371902600910973	0.11595404517641117	0.1775066109343548	-0.2914662329584482	0.2405919373379122	0.026528793280869756	0.09800666526915693	0.6988380754525316	0.3245949660007748
TEAD3.hg38.10000	-0.40889559495233035	0.0920192949504807	0.3438605704671888	-0.3966903633166064	0.10312775029580742	0.025872112045174308	-0.3336332812477312	0.1760502874252303	0.9534042073487534
TEAD4.hg38.10000	-0.29605468830793774	0.2329266717899805	0.19250070262319052	-0.2006848871970236	0.42459088351876406	0.02951101659947905	-0.24838590753522502	0.3202969164519703	0.4105719610007309
TET3.hg38.10000	-0.37308973601423406	0.12727670776468367	0.17950168592138424	-0.332960576985687	0.17697724142577173	0.03811756366001267	-0.2810034039332211	0.2586636457844582	0.24366245537520081
TFAP2A.hg38.10000	-0.21265520201329446	0.3968830067478475	0.23349525282551284	-0.2080388204864208	0.4074497482117716	0.04857469517371465	0.10895457288999798	0.6669378491314386	0.2879871941713993
TFAP2C.hg38.10000	-0.22437831862112728	0.3707309801385942	0.256339409049702	-0.16709372408576048	0.507517361060809	0.05342211813151113	0.01135274443512008	0.964339382009703	0.411490342621758
TFAP4.hg38.10000	-0.42889077685134624	0.07573479499731822	0.4121055410615647	-0.3258652167223677	0.1869543622326119	0.0626683585011204	-0.46258298437901835	0.053239455062026896	0.5001258103816442
TFDP1.hg38.10000	-0.3834197479875425	0.11626271164252268	0.40570894233899707	-0.25932534243967886	0.29873433860780574	0.09334144733399506	-0.31058629784525926	0.20969209033097988	0.8112997497029311
TFE3.hg38.10000	-0.4263803743660568	0.07765344255606434	0.2698260216058488	-0.25316964786720636	0.31075752566298787	0.03857593902738531	-0.09371003812853612	0.7114935475053017	0.6499034063828785
TFEB.hg38.10000	-0.42077525166436086	0.0820658211526999	0.1503754747083736	-0.28389257760573205	0.2535908852126784	0.0268472080136765	-0.44760262928948275	0.06251600205979975	0.2844531831176878
THAP11.hg38.10000	-0.474397998163995	0.04668652348209267	0.41381479780928415	-0.3147439387651413	0.20333404910025737	0.0765095740619257	-0.4348753066381095	0.07130192231759319	0.7778409638527127
THRB.hg38.10000	-0.3884366696568977	0.11116490528848957	0.1675665689570586	-0.27409601971975606	0.2710468396407253	0.029884223862431048	-0.5412047999563103	0.020370392072493314	0.3665586798296116
TLX1.hg38.10000	-0.5511314126317812	0.017756861295526546	0.16806100345006722	-0.4105048788494815	0.09062212879720877	0.026255260013586447	-0.10130345817849083	0.6891783306153283	0.3428465629515947
TP53.hg38.10000	-0.33472389051813567	0.17455443059640194	0.16343197508619764	-0.31605381336644794	0.20135747091931241	0.02760053455093149	-0.34518718426976036	0.16063729409836736	0.39634143883680534
TP63.hg38.10000	0.28049058629296353	0.25957062382200913	0.07718884892907889	0.12938040691081806	0.6088843143245044	0.014650211377269214	0.1110153649450814	0.6609914656319034	0.19424807879014483
TP73.hg38.10000	0.39631478004955767	0.10348415631649643	0.06504713617712621	0.24904408622540444	0.318974285376347	0.009848412921192207	0.2692790279322094	0.27989557789648317	0.25698658160439036
TRPS1.hg38.10000	-0.25860752767419565	0.3001217178320778	0.27444664951848713	-0.2719387309874438	0.2749881022060479	0.048266731370664256	-0.19186027202231376	0.4456517509629676	0.3488092755558833
TWIST1.hg38.10000	-0.12956782665205918	0.6083611480666741	0.10979418187404044	-0.17579448730174585	0.4853319720136189	0.018619850515321383	0.36104908514264566	0.1410149758842263	0.223385030455393
USF1.hg38.10000	-0.4345475390108323	0.07153962171298205	0.28477491092828694	-0.31441104713682233	0.20383840064711167	0.057555139836675415	0.020565983947078138	0.9354435562146696	0.36505107249505053
USF2.hg38.10000	-0.4483296262891347	0.062039767994875594	0.25861855237548614	-0.3075899666456157	0.21435384974243646	0.055303527865830863	0.1454361594470676	0.5647425421240153	0.389552930123496
VDR.hg38.10000	-0.5220097596807063	0.02627505544940322	0.28416837862442795	-0.33256978141356036	0.17751724251493559	0.05282131395791195	-0.4890958806490476	0.03941087176486604	0.446609829007832
VEZF1.hg38.10000	-0.3801334869036118	0.11969044381871075	0.27720224848332803	-0.2638875620339088	0.2900071035018512	0.06555377545563115	-0.15407220227429222	0.5415917477613967	0.5583448235475288
WT1.hg38.10000	0.44931220637959085	0.06140041717095304	0.10883340276261808	-0.03296092971189309	0.8966958237139393	0.015347311786017628	0.38449741709097734	0.11515395704173996	0.4493658689100872
XBP1.hg38.10000	-0.10784947529679022	0.670134414956984	0.25160507683156697	-0.25438339412199157	0.3083643767265092	0.03248472306455073	-0.32566733953580757	0.18723786440957568	0.4414208621414497
YY1.hg38.10000	-0.4717850040768532	0.04808005566020956	0.47993308273739393	-0.2910349467425667	0.2413205670659942	0.0956083286999564	-0.027718710008112473	0.9130612471504302	0.8370698483824668
YY2.hg38.10000	-0.3004855009335818	0.22567483217389434	0.19099142769721703	-0.20992518894065368	0.40311375993538767	0.06837500128335458	-0.013744015979938275	0.9568340947815445	0.28684528681142896
ZBTB11.hg38.10000	-0.5296389045257776	0.023786919321579225	0.16667196310224827	-0.2967736328983781	0.23173997426816403	0.06265848444740714	-0.07273690578048286	0.7742487759485033	0.2825444142667747
ZBTB14.hg38.10000	-0.09459604269147139	0.7088778669989747	0.2847221065425289	-0.08648071606609548	0.7329484586360426	0.10367612629400441	0.01580195351903318	0.9503777579584525	0.3266879202082377
ZBTB16.hg38.10000	-0.5886929498842426	0.010162218791114615	0.14658536511482784	-0.4884642295126894	0.03970447752160566	0.023124548772219367	0.25903013904563404	0.2993044337856586	0.3175221794353044
ZBTB17.hg38.10000	-0.4997972866932588	0.03468477887461199	0.32080080043523285	-0.3006980028102758	0.22533073303412351	0.05406432942492197	-0.20260575161191605	0.42007731483081145	0.7042812053018314
ZBTB2.hg38.10000	-0.556511074076541	0.016455527477157682	1.2637424089123204	-0.5563093149646672	0.016502928879062854	0.0527887576824493	-0.3905446527768326	0.10907116478099199	4.862599997968347
ZBTB20.hg38.10000	0.16334874944787506	0.517211819222485	0.11221884328632689	-0.12499218863115202	0.6211848389719588	0.0657380695323761	0.2750261586450458	0.26935835572073086	0.21107161623163087
ZBTB26.hg38.10000	-0.2631621867680625	0.2913842320500448	0.25727445008475275	-0.123216767324309	0.6261890112770712	0.10040852296530155	-0.05859851916903788	0.8173443221620058	0.5415827453118308
ZBTB33.hg38.10000	-0.4636256131909429	0.05263480290000172	0.25704021598837024	-0.3000980460070238	0.2263030993325911	0.06488094440708933	-0.2330356540874163	0.3520555696566485	0.4654145274803707
ZBTB42.hg38.10000	-0.34407349423336986	0.16208142920000718	0.16513843048202004	-0.1882831883693792	0.4543390290065149	0.03344222225350723	-0.005489610206010779	0.9827523643455491	0.42974321888175815
ZBTB48.hg38.10000	-0.23353802168546406	0.3509886804880612	0.22122224651001796	-0.24412703084945123	0.32893325634528026	0.0664771975673087	-0.12343843845557695	0.6255633575022803	0.3465229479487255
ZBTB6.hg38.10000	-0.20386827442416355	0.4171246104588082	0.13433770651541546	-0.23604763141983828	0.34568672354873176	0.03921535998658447	0.2975348421888746	0.2304877438422792	0.4130926319297033
ZBTB7A.hg38.10000	-0.3342516062055382	0.17520115116450824	0.2732375469125577	-0.26183827594230685	0.2939078915753698	0.07490794108267823	-0.039342642515537096	0.8768271044197284	0.30004338173874223
ZEB1.hg38.10000	-0.2891320095862332	0.2445521761958096	0.20050862984573126	-0.23021116253167137	0.3580884209314513	0.06561550678559869	-0.15673542199165663	0.5345398713418206	0.46382879396594506
ZEB2.hg38.10000	-0.30894909172922413	0.21223101056659152	0.14372241227381918	-0.23962786739718736	0.33820317830331903	0.0381228987691763	-0.3538773081925941	0.14966942047301315	0.4688526901822138
ZFHX2.hg38.10000	-0.14581710985353036	0.5637123395438619	0.10364691866167115	-0.16765221139317035	0.5060790499793024	0.03426011221869565	-0.38204690834078575	0.1176860816846439	0.48045394691620796
ZFHX3.hg38.10000	-0.44245270805164183	0.06596798067474939	0.03762061891979455	-0.2962805372989905	0.23255346490626755	0.020499639936794954	-0.3704480905966225	0.13020691053628744	0.28918393178973884
ZFP1.hg38.10000	-0.436742064532641	0.0699592520334838	0.3396265228880496	-0.40479266797677754	0.09565194150274976	0.03482638828518022	-0.31470160125630564	0.2033981475170717	1.0096018517690746
ZFP42.hg38.10000	-0.23151246726973604	0.35530170201134126	0.2801657960643845	-0.1534606798225715	0.5432168772257817	0.09001474739931133	0.001602772565295067	0.9949639747869891	0.5326156930093883
ZFP64.hg38.10000	-0.4245219693803133	0.07909660675176501	0.1246232675814163	-0.2760551827361258	0.26749797265240605	0.03203772210768288	0.14336397708688936	0.5703605980512372	0.3256051866134306
ZFX.hg38.10000	0.1647020248492136	0.5136986970271186	0.2087497343777307	-0.16758173578944027	0.5062604438927902	0.12195691986888085	-0.3270911482648906	0.18520432430866188	0.646551937206907
ZIC2.hg38.10000	-0.2436215944326914	0.3299671563874088	0.12673559738252863	-0.23673401719637213	0.3442446904810379	0.0389368792862372	0.33311451129685277	0.17676483853809474	0.29796344933312474
ZIM3.hg38.10000	-0.07006454987663845	0.7823504193056214	0.06164282521506798	-0.022498687625724958	0.929390522326736	0.008921843259978628	-0.01669806784558789	0.9475672880256603	0.23213902892088306
ZKSCAN1.hg38.10000	-0.6445187714156936	0.0038841491576346553	0.24593171988101206	-0.4655019716831804	0.051559701967489546	0.0316170571645073	-0.6552457578503657	0.003160116909800382	0.6859999265529292
ZNF121.hg38.10000	0.4101249851665377	0.09095055241251193	0.07185195766280983	-0.11475872625892705	0.6502395124091136	0.011307551614266751	0.515570650192408	0.028528875662993322	0.44562997816117583
ZNF143.hg38.10000	-0.5617152299513661	0.015269630849998553	0.6190533133127182	-0.37036843006045034	0.13029599967281666	0.07327332113585357	-0.6114099577734999	0.0070165746405511644	1.531455592823785
ZNF146.hg38.10000	-0.10223384336566634	0.6864604427931608	0.0773020164397424	-0.13631403932932298	0.5896516951099043	0.044592832306474615	0.6298800187494082	0.005085770250112523	0.6143994120887174
ZNF18.hg38.10000	-0.480802354727818	0.04340067097418909	0.22926603921536426	-0.3093251371895463	0.2116460885844562	0.04169019515238604	-0.49500907250133797	0.036742205283334495	0.44070095992700387
ZNF184.hg38.10000	-0.49447624875375623	0.036976820334650704	0.10966038312728281	-0.534751628522322	0.022225366735020343	0.019879668883198205	-0.10390165388231692	0.6815975188435703	0.23486208081158005
ZNF217.hg38.10000	-0.2495965014812584	0.3178666838747154	0.2091565764809202	-0.2663734119270605	0.28531775826963623	0.054023206299013686	0.20711637706919717	0.4095791655075791	0.3269028025840101
ZNF22.hg38.10000	-0.41027035290037867	0.09082477809543153	0.04030419084808111	-0.31628662023758786	0.2010074976334852	0.008058396622841468	-0.24916262085483096	0.3187364296463801	0.4100004120314706
ZNF24.hg38.10000	-0.4913863343187574	0.03836013373775579	0.09980030641495612	-0.4578021699492272	0.05607920267875283	0.027209268263259777	0.3466542538401491	0.15874835134531573	0.30006665605896415
ZNF263.hg38.10000	-0.3543805675613402	0.1490504763540404	0.19471733614486594	-0.30316920708913325	0.22135399875770007	0.04762233340369837	-0.40696935475188456	0.09371208105038735	0.2539779992286721
ZNF264.hg38.10000	-0.2572966642599807	0.3026653147769498	0.07283449935530392	-0.27198800082150865	0.27489769676828424	0.013843806408138442	-0.15299857255745153	0.5444463855551289	0.22966078878597082
ZNF274.hg38.10000	0.17770340052553757	0.48052892323411767	0.14292688038391183	0.011818201949841862	0.9628782464298558	0.029114157591492832	0.04258470081624459	0.8667593820719677	0.3352631855417197
ZNF280A.hg38.10000	-0.5923231707870592	0.009595133892267932	0.139336548555625	-0.691171218393532	0.001490236276727381	0.0149031288343578	0.22285187669663253	0.37408026444391207	0.35793823006099623
ZNF3.hg38.10000	-0.34932266294559644	0.15535160939865544	0.16043791710255847	-0.2619514279824577	0.2936916840488682	0.04381808787504825	-0.2779786752642091	0.2640419022600108	0.39808727656979476
ZNF316.hg38.10000	-0.453639744308208	0.05864294987911335	0.056507588783267615	-0.3375412504604878	0.17072989663697122	0.006680619415835065	-0.014169486027811823	0.9554990516051912	0.24589750809118113
ZNF317.hg38.10000	-0.11126585608522466	0.6602699835483324	0.07866215950064018	-0.4610689982855135	0.054126755999622383	0.005448705605524289	-0.07392538474195019	0.7706527911361604	0.2255269261262635
ZNF324.hg38.10000	-0.4920992622893559	0.03803750193903285	0.2524015164058528	-0.3659773632006643	0.13527300692323027	0.04874163718394799	-0.3610117608503066	0.1410590969788326	0.4408858179130066
ZNF335.hg38.10000	0.25783372666194576	0.30162164006009623	0.07526430848932482	-0.1243089152054932	0.623108845195455	0.07214685185333071	-0.2027817671654285	0.4196649978826632	0.36373372635377726
ZNF341.hg38.10000	-0.31167279257128844	0.20801819439961272	0.17624932530425771	-0.21845148198592892	0.3838295264366275	0.06176013165498693	-0.24444662283964783	0.3282804912099653	0.4798054335534798
ZNF35.hg38.10000	-0.5705134470700328	0.013419769942363163	0.39557395577606835	-0.5720692117713752	0.013112089591056563	0.024913651507852755	-0.4879431968711596	0.03994792225338299	0.9555125810397826
ZNF382.hg38.10000	-0.3903866460509505	0.10922712122731061	0.12248073567252332	-0.6041469519995046	0.007921819982444464	0.006669338840573134	-0.2513475130793506	0.3143709345872217	0.4560731793918118
ZNF384.hg38.10000	-0.4456814896835896	0.06378760196369108	0.12020167814489106	-0.5786516177986213	0.011871902730502402	0.01132192547736127	-0.04934282247678644	0.8458373496014078	0.548197612597103
ZNF444.hg38.10000	-0.5598099000203269	0.015695668654820104	0.5701002411962902	-0.4922190858636135	0.037983481235466916	0.05973896957278701	-0.399324970439392	0.10065237709990658	1.2022261351591716
ZNF449.hg38.10000	-0.1360989855530405	0.590244396656124	0.07550247251558698	-0.13326988898500056	0.5980644921079546	0.01895755591649419	-0.09283287100540075	0.7140861614240787	0.44690249747882244
ZNF467.hg38.10000	-0.4450272999872206	0.06422497502361221	0.18997208247325215	-0.2747913239228898	0.2697840357624667	0.03754214297246056	0.11219019319740585	0.6576101136056187	0.3706077700354289
ZNF486.hg38.10000	0.36093421731469993	0.14115079189344407	0.06487047361617965	0.26693852534048657	0.28425821363538234	0.026054969554366245	0.27057480739592227	0.2774980419847183	0.4226374169012982
ZNF490.hg38.10000	0.03657178898903683	0.8854459108313153	0.06727437496914826	-0.29635044167824226	0.23243802820826032	0.01427786581891796	-0.23426592252253597	0.34944610724700065	0.3127808804107566
ZNF554.hg38.10000	-0.3780272702061178	0.12192451869694466	0.17999149178036045	-0.328665574083855	0.18297288892389862	0.025087932692803683	-0.1689354050239435	0.5027817035119257	0.3663257013405309
ZNF574.hg38.10000	-0.525239245216061	0.025198202630485132	0.5936274493597576	-0.41245414259221175	0.08895048385600121	0.06257429289918255	-0.4560021067778101	0.05717736846142336	1.5339691097708519
ZNF580.hg38.10000	-0.49392219896351014	0.03722199956377801	0.5801022080136383	-0.4097813212651033	0.09124839774929809	0.05231847248471865	-0.4052527455198206	0.09523952516318987	1.9480867630941165
ZNF652.hg38.10000	-0.37172336647368737	0.12878649437976913	0.22730623318265092	-0.2462133302330318	0.32468569874316555	0.024726922668760035	-0.5091266178592546	0.030931868701256512	0.3918168348442443
ZNF680.hg38.10000	-0.325370010694066	0.1876643909991391	0.1010785315424118	-0.17965233972249367	0.475649405856154	0.02504321484678341	0.08347612226839335	0.7419221126596827	0.4184949405383107
ZNF701.hg38.10000	-0.1865980724584299	0.4584611146520702	0.20094915706707617	-0.12487632886630938	0.6215109203598377	0.04245908610111574	0.5744665553171894	0.012648999496973025	0.31915258943187674
ZNF768.hg38.10000	-0.374373456700008	0.12586960337170666	0.0624892977063043	-0.40813496263481136	0.09268507269113593	0.016392168241936712	0.16597009337142424	0.5104169817431712	0.17726439638351368
ZNF770.hg38.10000	0.2027244309934284	0.4197992844470946	0.06869889274885375	-0.2227659530485501	0.37426929680207643	0.013078791008388522	0.43327901705734706	0.07246508344318896	0.5872002074166791
ZNF778.hg38.10000	-0.3679163039826455	0.13305926617229294	0.1810412769721136	-0.2962659716874586	0.23257752246994323	0.04012460583663007	0.13845322343671956	0.5837695120733859	0.27619480768479027
ZNF792.hg38.10000	-0.401678515266763	0.09847745211058039	0.3901036051503137	-0.3021114732731563	0.22305054016675094	0.04872827837565872	-0.2730516521070501	0.27295046389908106	0.9470387459168157
ZSCAN16.hg38.10000	-0.4758372319180657	0.04593217475995808	0.15863801005328787	-0.5481523794880682	0.0185116628172618	0.018492864152495344	0.024914869550259712	0.9218285039073562	0.5294905126779691
ZSCAN22.hg38.10000	-0.3731712651921667	0.12718701563440157	0.26982372872002264	-0.23246516107896956	0.3532693822706412	0.057511389260764684	-0.1351338033825453	0.5929075423549539	0.5835471101172119
ZSCAN4.hg38.10000	-0.07903865859240847	0.7552330739798455	0.24343452475965938	-0.3847049552648665	0.11494129690787826	0.016859014667345563	-0.045352258978663004	0.8581805011641064	0.6868413067799098
ZSCAN9.hg38.10000	-0.5102375665326003	0.03050680231684852	0.42531133758120065	-0.3156043107112301	0.2020343320191693	0.0512337333558819	-0.4952357795505975	0.03664272808955692	1.1339640492762726
