site_name	central_coverage_MAD_uncorrected	central_coverage_MAD_GC_corrected	mean_coverage_MAD_uncorrected	mean_coverage_MAD_GC_corrected	amplitude_MAD_uncorrected	amplitude_MAD_GC_corrected
AHR.hg38.10000	0.024158152514872917	0.013189795565170371	0.0047767744726879445	0.002934321254732291	0.10882581070849107	0.10701967117360736
AR.hg38.10000	0.014956944077879925	0.013948761492698756	0.0031576073553272084	0.0025094602487831345	0.12820413369388858	0.13511158377501353
ARID3A.hg38.10000	0.018017631151974033	0.014871388209843156	0.003213103299080583	0.003034409085992417	0.10715796041103298	0.1084121544618713
ARNT.hg38.10000	0.024508746349378045	0.014543934667387777	0.009506638399134664	0.003937399242833966	0.10556843872363438	0.11417405429962144
ARNTL.hg38.10000	0.04978958528934559	0.015695455273120603	0.008048034613304486	0.003437282855597621	0.12745287917793402	0.1385817133585722
ASCL1.hg38.10000	0.03966683396430505	0.013137410924824226	0.009696644672796094	0.0031162595997836686	0.13114480951865873	0.1316926645754462
ASCL2.hg38.10000	0.02204751714440238	0.014773060032449981	0.005570320389399678	0.003233679177934016	0.10436762358031369	0.10770668729042726
ATF1.hg38.10000	0.027671233315305566	0.019884488912925907	0.013567658193618173	0.006283508058409952	0.2008026894537588	0.2158745635478638
ATF2.hg38.10000	0.014365355976203333	0.012855526663061112	0.002372683612763654	0.0020024212006490008	0.18798043785830176	0.19451246901027586
ATF3.hg38.10000	0.02723135749053543	0.017642060356949697	0.0075385743645213586	0.00425945267712276	0.16945454624121145	0.18222187604110332
ATF4.hg38.10000	0.0132373603028664	0.013354959870200116	0.003123829529475396	0.0022616614386154654	0.16372395457003786	0.16948746738777715
ATF7.hg38.10000	0.013745661438615463	0.013775612763656037	0.002214697241752299	0.0021531729583558657	0.16804991454840457	0.16525815208220662
BACH1.hg38.10000	0.02668976527852893	0.016633557166035696	0.00899629334775554	0.004745882098431584	0.16724199372633855	0.1697033756625203
BACH2.hg38.10000	0.01990491119524067	0.014660594916170906	0.004222163331530576	0.003545712060573287	0.16808082120064902	0.16859083136830716
BATF.hg38.10000	0.01879914288804759	0.013644767117360733	0.00311619772850189	0.0028182507301243898	0.14980157923201728	0.15526767247160625
BATF3.hg38.10000	0.019005527312060573	0.015410827474310431	0.002804371227690643	0.002642110978907523	0.14956884326663059	0.158212148404543
BCL11A.hg38.10000	0.025501028015143326	0.013363493780421848	0.005189147863710117	0.0032371868036776743	0.1380003331530557	0.14168342888047594
BCL11B.hg38.10000	0.03802794808004327	0.020438982801514332	0.020670174148188218	0.007758536722552734	0.13477559805300163	0.13755077122769063
BCL6.hg38.10000	0.02146383731746891	0.015884945375878853	0.008182427257977284	0.005076588858842617	0.2459847571660357	0.24613513683071928
BHLHE40.hg38.10000	0.03366130881557599	0.018462293131422388	0.015861490535424558	0.0062639299080584155	0.1449509810708491	0.16164229399675498
BPTF.hg38.10000	0.01622456376419686	0.009885819361817197	0.0022871160627366115	0.002158659167117365	0.09542506608977826	0.10364517858301785
CDX2.hg38.10000	0.0192103861546782	0.017120534342888055	0.0035614269334775703	0.003302570037858333	0.1013574879394267	0.10813074613304487
CEBPA.hg38.10000	0.026286070308274744	0.02249494645754462	0.006832480259599785	0.006393254732287729	0.428750935640887	0.4288548395889669
CEBPB.hg38.10000	0.01688700832882639	0.014711210383991343	0.0038332049756625215	0.003688856246619799	0.323009526446728	0.31751392276906437
CEBPD.hg38.10000	0.022887708815575992	0.016365103299080586	0.004935532287723094	0.0035338747431043847	0.18731116279069768	0.18895211768523526
CEBPG.hg38.10000	0.014402687290427263	0.01488168350459708	0.00294338734451055	0.003011635262303948	0.2690216631692807	0.2667483967550027
CLOCK.hg38.10000	0.05100628880475932	0.02317666976744185	0.0159524318009735	0.004877553272038942	0.08546581330448892	0.09539027582477014
CREB1.hg38.10000	0.031645600865332614	0.02484569778258519	0.02067951974040021	0.00892770708491076	0.27552152601406166	0.2991338167658193
CREM.hg38.10000	0.02987292244456463	0.021509328718226063	0.01731202639264467	0.007871895727420223	0.25912214818820983	0.270795173174689
CTCF.hg38.10000	0.027051693239588965	0.02613881665765279	0.011227825202812333	0.009115357490535424	0.6108886810167661	0.6178045546782042
CTCFL.hg38.10000	0.035458001514332066	0.023770193618171988	0.016428595348837203	0.006663990481341269	0.39892225851811797	0.3924916785289345
CXXC1.hg38.10000	0.05937119870200108	0.02416403591130341	0.02862225505678745	0.011245828880475936	0.1500318122228231	0.17679324131963225
DDIT3.hg38.10000	0.015284750676041101	0.013751320713899402	0.0023809029745808473	0.0024268356949702532	0.15734006836127634	0.16139201687398594
DUX4.hg38.10000	0.016797477555435373	0.014267784099513249	0.002342631476473765	0.00221044067063278	0.11943799762033533	0.12204490730124393
E2F1.hg38.10000	0.03684064640346133	0.02740955543537046	0.027485033207138996	0.010115803136830723	0.19075599913466743	0.21518852222823143
E2F4.hg38.10000	0.03552606381828015	0.022961380205516493	0.02179481449432125	0.008445627690643593	0.17520293174689022	0.1948298210924824
E2F6.hg38.10000	0.04131495424553812	0.018828713899405075	0.022479149810708487	0.007269297998918337	0.17586762358031366	0.18494314332071388
E2F7.hg38.10000	0.022686014061654946	0.016219871065440785	0.0059080796106003265	0.0036805745808545106	0.12807108058409952	0.12928766208761494
E2F8.hg38.10000	0.02226878312601406	0.013842059491617096	0.009992750676041103	0.00481360302866414	0.12550990762574363	0.13297053239588968
E4F1.hg38.10000	0.030033481882098423	0.015902094537587872	0.014779249323958896	0.005312604434829635	0.14400090427257978	0.1448142446727961
EBF1.hg38.10000	0.029298734451054624	0.014334961600865337	0.007581735424553819	0.0034608445646295343	0.1384397027582477	0.14441482271498107
EBF3.hg38.10000	0.01750765170362358	0.01530010124391564	0.0033947517577068553	0.0033024532179556833	0.12052679978366686	0.11577372460789614
EGR1.hg38.10000	0.0377388525689562	0.01822129799891834	0.01971182520281233	0.006456840670632773	0.11524862650081126	0.12252930924824229
EGR2.hg38.10000	0.04676464250946458	0.025518480475932956	0.00864004153596539	0.0024641427798810195	0.15840305073012437	0.1619638468361276
EGR3.hg38.10000	0.04179281514332072	0.01804003677663601	0.009461648458626279	0.0026679463493780426	0.16472928761492697	0.16591353942671713
EHF.hg38.10000	0.02186262195781503	0.0150238797187669	0.007515579015684148	0.004392726446727959	0.25072403288263917	0.25828949053542455
ELF1.hg38.10000	0.03138445213628989	0.020442738777717684	0.02129469507842077	0.009099353163872365	0.27159569410492157	0.28851835457003794
ELF3.hg38.10000	0.01726390740941049	0.01240057544618713	0.005217415251487287	0.003601581395348838	0.2695762171984857	0.2742741109789075
ELF4.hg38.10000	0.02280689799891833	0.013759633964305028	0.012793370254191453	0.005810131314223909	0.15410631173607356	0.15364964067063278
ELK3.hg38.10000	0.03968866327744727	0.014298260248783126	0.01411927571660357	0.0045239731746890225	0.14326402422931314	0.15053445970795024
ELK4.hg38.10000	0.02862774689021093	0.01604075716603569	0.013630756084369932	0.006371141157382367	0.14014459188750675	0.14341235478637102
EOMES.hg38.10000	0.030016337912385078	0.014103357490535415	0.004418872038939966	0.002843343212547311	0.11730565062195782	0.11612094494321255
EPAS1.hg38.10000	0.030301073877771766	0.015043766360194704	0.006234313899405082	0.0028459232017306615	0.12511994634937804	0.12685277663601946
ERF.hg38.10000	0.013718732287723101	0.012823597187669018	0.004565177285018927	0.0034439783666846933	0.15285665548945376	0.16036070438074632
ERG.hg38.10000	0.03431813737155218	0.02150560043266631	0.019200910762574366	0.007829226176311517	0.23901230849107627	0.2528601946998377
ESR1.hg38.10000	0.02803911865873446	0.01404303385613845	0.005762964196863168	0.003008115954570038	0.10884154764737694	0.10468768934559221
ESR2.hg38.10000	0.0387298340724716	0.014887248025959974	0.008025095511087068	0.0031894983234180673	0.1476852110329908	0.13971632190373173
ESRRA.hg38.10000	0.023469789075175773	0.014912457328285559	0.005650422931314222	0.003306365819361815	0.1119423433207139	0.11319826890210925
ETS1.hg38.10000	0.03429527658193619	0.019255088372093023	0.016147209085992428	0.00702821806381828	0.2284176670632774	0.23534510329908062
ETV1.hg38.10000	0.02612153769605192	0.0163442405624662	0.015102929583558671	0.006596750676041097	0.18438081124932396	0.19926080692266088
ETV2.hg38.10000	0.035637533369388866	0.013154219578150356	0.007490457544618715	0.0024410743104380755	0.1283830944294213	0.11846386890210925
ETV4.hg38.10000	0.027668130665224448	0.013821468036776646	0.01078842184964846	0.00472869529475392	0.14420206814494319	0.15285996408869662
ETV5.hg38.10000	0.032744155759870205	0.018239601946998377	0.01680446078961601	0.006506080259599784	0.1366086680367766	0.15208461222282316
ETV6.hg38.10000	0.0244230866414278	0.017441236127636563	0.005468350892374262	0.00440545419145484	0.24098247485127097	0.24578151260140613
FEZF1.hg38.10000	0.019050098431584648	0.012953320064899935	0.0034903874526771147	0.003255928610059491	0.08835448263926447	0.09609894645754463
FLI1.hg38.10000	0.026044434396971336	0.015910979340183883	0.010036175229853964	0.0053084179556516994	0.2875259309897242	0.29004007138994053
FOS.hg38.10000	0.022817472363439704	0.01732304164413196	0.00404835478637101	0.0031745176852352635	0.27460615597620336	0.27588838723634396
FOSB.hg38.10000	0.029798785938345045	0.0169653884261763	0.004310571335857222	0.002601568848025957	0.24778017436452138	0.2434429789075176
FOSL1.hg38.10000	0.022065523418063813	0.014850682531097892	0.0031397101135748917	0.002747207787993512	0.2487666890210925	0.2442819621416982
FOSL2.hg38.10000	0.021252977825851806	0.015630924824229307	0.003650584748512707	0.002909801189832338	0.2152684235803137	0.21735789161709032
FOXA1.hg38.10000	0.01740635457003786	0.01574469918875067	0.0030256411032990828	0.003017543320713889	0.12131139253650622	0.13099065873445107
FOXA2.hg38.10000	0.022930409518658736	0.017521049215792322	0.004766419469983773	0.00347065613845322	0.13901727117360732	0.13837214451054625
FOXA3.hg38.10000	0.023537434288804757	0.015982349378042174	0.00459942455381287	0.002842253758788536	0.14633577025419148	0.14763400108166577
FOXH1.hg38.10000	0.03738048242293132	0.013953791238507304	0.006152938020551652	0.0027198658734450976	0.11351556084369929	0.11313090232558139
FOXK1.hg38.10000	0.0558163764196863	0.045225730232558124	0.011761041427798812	0.009333132720389386	0.11058583493780419	0.10751100400216333
FOXK2.hg38.10000	0.027933823688480266	0.017762269334775555	0.00983982952947539	0.004576207679826928	0.13367559286100594	0.14256743623580315
FOXM1.hg38.10000	0.020465010275824765	0.017498884586262836	0.0075811617090319056	0.004751873661438618	0.1745214602487831	0.17575716863169283
FOXO1.hg38.10000	0.025890888047593295	0.013270243374797193	0.0064740391563007	0.0034469572742022755	0.13199553747971876	0.14129128610059494
FOXO3.hg38.10000	0.030558254624121144	0.015271358788534346	0.010564140183883183	0.004967740400216327	0.15993471714440244	0.15824919199567336
FOXP1.hg38.10000	0.022988400216333155	0.016990396106003242	0.010977482314764737	0.005531052893455922	0.18513645040562465	0.1992517451595457
FOXP3.hg38.10000	0.027399366576527855	0.01414589897241752	0.00815908058409951	0.0041395716603569565	0.13685832471606274	0.1453041760951866
GABPA.hg38.10000	0.033284165278528934	0.020486682531097897	0.02137274634937804	0.00905915630070308	0.30391616744186045	0.31548061438615466
GATA1.hg38.10000	0.027504045429962144	0.021114689453758783	0.00450921709031909	0.004149984640346135	0.34405640021633316	0.34697083785830174
GATA2.hg38.10000	0.017061953488372104	0.014101733261222271	0.0032166515954570036	0.003154531097890754	0.10977596755002704	0.10935454494321255
GATA3.hg38.10000	0.01915239415900486	0.014046409951325042	0.0032087138994050875	0.0028198658734451057	0.1226492114656571	0.11917554223904812
GATA4.hg38.10000	0.024189636776636006	0.014815365711195239	0.0034509607355327275	0.0027400601406165487	0.1231252729042726	0.1255233423472147
GATA6.hg38.10000	0.022183357490535422	0.013389222714981086	0.003589881233098961	0.0025499032990805833	0.10998632038939968	0.11039146868577608
GFI1.hg38.10000	0.03944439588967009	0.011980035478637104	0.006251997836668472	0.003673074743104383	0.1366264648999459	0.13995681817198488
GFI1B.hg38.10000	0.016605391022174152	0.01574674007571661	0.007335207787993509	0.00421325127095727	0.14876155543537048	0.14529098453217956
GLIS1.hg38.10000	0.03773944445646292	0.013188694429421307	0.009167473012439168	0.0033457561925365063	0.12947510005408328	0.13055676365603028
GLIS2.hg38.10000	0.05441593207138993	0.015445125365062193	0.02281463580313683	0.006411640021633315	0.1294906730124392	0.14691749053542455
GLIS3.hg38.10000	0.05105331530557058	0.014747919524067062	0.012322297458085437	0.0027201423472147162	0.13471485905895078	0.1405575216873986
GMEB2.hg38.10000	0.0324378055164954	0.021556686641427816	0.022894704164413204	0.009325814602487827	0.1661719437533802	0.15356722595997838
GRHL2.hg38.10000	0.02432397144402379	0.014070637533802052	0.005303727420227146	0.002886421633315306	0.13201571790156844	0.13691101265548947
HAND2.hg38.10000	0.027641216657652776	0.014333696484586272	0.0039992181719848575	0.0029832090859924286	0.08573478550567876	0.0956697068685776
HES1.hg38.10000	0.019153036668469434	0.020741209734991897	0.004286800648999436	0.0030674063818280062	0.09820635586803678	0.10244805581395348
HES2.hg38.10000	0.018898426392644684	0.016125645862628442	0.0034391930773390983	0.0033596603569497102	0.18463476560302866	0.18761614840454297
HEY1.hg38.10000	0.039101556733369375	0.022091553488372086	0.02401455662520281	0.009826691184424014	0.2854043102217415	0.24082447333693888
HIC1.hg38.10000	0.03527180097349919	0.013088480259599786	0.009870895835586804	0.003997981179015687	0.13743137220118984	0.14863129605192
HIF1A.hg38.10000	0.03119200778799351	0.020153664034613303	0.011512782260681448	0.004956843699296925	0.14656155543537047	0.1596914232558139
HIF3A.hg38.10000	0.038608783126014054	0.014780214169821523	0.009372270416441317	0.0032666950784207703	0.14218859707950243	0.1456368142779881
HLF.hg38.10000	0.019418309140075727	0.01504616506219578	0.0031136886965927517	0.002885391022174147	0.16833984813412653	0.16300296333153055
HMBOX1.hg38.10000	0.028055510654407787	0.01600051270957274	0.0033836218496484556	0.0030164049756625246	0.15099173261222282	0.15619119437533802
HMG20A.hg38.10000	0.023732949702541903	0.016540114656571105	0.003221988101676603	0.0026538621957815046	0.14375988534342887	0.14623400757166036
HMGA1.hg38.10000	0.02589831606273661	0.0341016571119524	0.005388971335857219	0.004269367225527322	0.14759351433207135	0.17594904142779888
HNF1A.hg38.10000	0.01732884023796647	0.01301000540832883	0.003697609518658732	0.00350710957274205	0.11344975878853433	0.11608360843699297
HNF1B.hg38.10000	0.01527183904813412	0.012045942239048127	0.003253464575446191	0.003083946349378049	0.12488210708491075	0.12452789226608978
HNF4A.hg38.10000	0.030543954570037862	0.016485449864791783	0.006486788101676589	0.003684010816657655	0.13727989313142241	0.14183616960519202
HNF4G.hg38.10000	0.019928029853975127	0.01496775424553813	0.0029312147106544113	0.0028769531638723617	0.1209004594916171	0.12976324542996212
HOMEZ.hg38.10000	0.033360857111952406	0.0181582866414278	0.0054790663061114134	0.0032374429421308873	0.16384065289345595	0.16320877317468904
HOXA2.hg38.10000	0.01463845062195781	0.012394114872904271	0.005307439264467282	0.00434521709031908	0.09012598334234723	0.0937514470524608
HOXA6.hg38.10000	0.028333343861546782	0.017699052460789635	0.014427857220118984	0.006212258301784754	0.08744259210383991	0.09643581438615466
HOXA9.hg38.10000	0.025647753380205512	0.014536243591130349	0.008404770146024879	0.0029898924824229393	0.12524324067063278	0.14425051855056786
HOXB13.hg38.10000	0.02885942931314224	0.011674730557057873	0.005204206381828016	0.002371334126554897	0.11581946003244996	0.12869094775554352
HOXC5.hg38.10000	0.028228989940508386	0.016290005840995127	0.0036876192536506253	0.002965488372093026	0.17101684802595996	0.1765993306652244
HOXC9.hg38.10000	0.01647406511627907	0.013656623039480795	0.0038545488372092843	0.003393991995673336	0.12722024099513252	0.13216722942130882
HSF1.hg38.10000	0.0246048986479178	0.012472454299621412	0.008856116819902653	0.003723727852893462	0.10757855922120067	0.10751139210383989
IKZF1.hg38.10000	0.030567945484045442	0.0153010193618172	0.01082627452677123	0.005114814494321249	0.11723122552731206	0.12149289691725257
IKZF2.hg38.10000	0.024405323958896705	0.015870199242833963	0.003962838290968094	0.003003950243374801	0.146055571660357	0.15397792493239587
IKZF5.hg38.10000	0.03492429810708491	0.018504636019469986	0.009390135208220655	0.004524291617090323	0.1733960757166036	0.16242222433747977
IRF1.hg38.10000	0.01943460378583018	0.018729516062736616	0.007392533910221746	0.005783559113034079	0.29700931919956736	0.2964018907517577
IRF2.hg38.10000	0.02685543017847486	0.019454672579772854	0.011249098107084913	0.00580819902650081	0.2132340209843159	0.22538792861005943
IRF3.hg38.10000	0.017479891400757164	0.010646433747971881	0.007558846944294212	0.0030311433207138912	0.14096793553272038	0.14605985505678745
IRF4.hg38.10000	0.02305149421308816	0.015375729583558673	0.004717626825310978	0.0035757944835046003	0.23572701005949165	0.23456806706327743
ISL1.hg38.10000	0.016731464359113032	0.013941561925365048	0.004224809518658734	0.0032569423472147176	0.12359689561925365	0.12561448134126554
JUN.hg38.10000	0.027890617631151974	0.016714178474851273	0.0090702368848026	0.004337706868577607	0.16611106760411032	0.17061425289345597
JUNB.hg38.10000	0.019502009734991905	0.015744514440237965	0.0030264488912925846	0.002761123201730667	0.17892150265008114	0.18253641882098431
JUND.hg38.10000	0.024842991022174146	0.0164681557598702	0.004317923201730662	0.0033168428339643086	0.224595014818821	0.22827674721471064
KDM2B.hg38.10000	0.07490615684153597	0.02243177587885344	0.03060733672255273	0.008840305029745804	0.18193354634937806	0.19559627647376956
KLF1.hg38.10000	0.04082936289886424	0.01625712925905895	0.015509941806381825	0.00436363050297458	0.12360362271498107	0.10870816571119522
KLF10.hg38.10000	0.03020371919956733	0.019342484369929698	0.018098249864791777	0.007382647917793411	0.20281215446187134	0.2072016549486209
KLF11.hg38.10000	0.03450475976203353	0.0205238576527853	0.017940320173066522	0.0071850833964305074	0.12570088220659817	0.14313288134126556
KLF15.hg38.10000	0.04320807095727421	0.021379718766901035	0.0206078078961601	0.006076400216333155	0.17187026673877773	0.1911063290427258
KLF16.hg38.10000	0.026189735424553818	0.021708252244456463	0.009987426717144404	0.005741137912385075	0.29060798745267713	0.28308776636019467
KLF4.hg38.10000	0.038740395889670105	0.013495000108166576	0.01286826825310979	0.0043352861005949185	0.14235660573282852	0.1312169557598702
KLF5.hg38.10000	0.03152216462952947	0.017126750027041653	0.017847113034072472	0.006662894537587885	0.145783851595457	0.1317143433207139
KLF6.hg38.10000	0.027135839913466738	0.015220558139534887	0.014753651919956735	0.006469706868577604	0.15604692568956188	0.15396572633856137
KLF9.hg38.10000	0.03611195110870741	0.018502517685235264	0.021730947755543534	0.007825599134667384	0.16618918983234185	0.19286563331530557
KMT2A.hg38.10000	0.0636718442401298	0.024603084045429966	0.029970412979989182	0.009971022606814496	0.12689265851811793	0.15700402249864792
LEF1.hg38.10000	0.02566893802055165	0.020145465440778797	0.012642638831800977	0.005144317577068689	0.1381659855056787	0.15122738820984316
LYL1.hg38.10000	0.028201169497025422	0.01666148188209843	0.006917236127636557	0.004720002163331515	0.2318125914548404	0.22642799653866955
MAF.hg38.10000	0.02513685062195781	0.019805583991346673	0.006723184424012978	0.004099701460248787	0.11975375878853435	0.11298104488912927
MAFF.hg38.10000	0.01833029313142238	0.017893926230394805	0.0026990334234721428	0.0023875253650621946	0.2900100737696052	0.295319448783126
MAFG.hg38.10000	0.017406074634937804	0.016689606057328287	0.0025893719848566767	0.0026331283937263404	0.2917015571660357	0.29873787560843695
MAFK.hg38.10000	0.01842354180638184	0.019123591995673327	0.002568489345592219	0.002683731746890208	0.29988031757706873	0.30846460443482965
MAX.hg38.10000	0.03581638464034613	0.023122493888588423	0.022696773607355326	0.009211024770146023	0.15262757079502434	0.16440773607355327
MAZ.hg38.10000	0.045406319091400756	0.021194883720930226	0.021282414710654406	0.007097928826392649	0.13120078226068144	0.16043650621957817
MBD2.hg38.10000	0.0399350931314224	0.017290288804759326	0.01804764131963222	0.0040159645213629054	0.13249498323418063	0.14841773931855057
MECOM.hg38.10000	0.0288730336398053	0.0198105626825311	0.00857227863710114	0.005940128934559221	0.22926851530557057	0.22525611032990808
MECP2.hg38.10000	0.0435573525148729	0.01468774083288263	0.012668196863169274	0.003195893996755	0.13056815878853437	0.1431715240670633
MEF2A.hg38.10000	0.014235450513791242	0.011863524932395885	0.0029035777176852316	0.0025574091941590145	0.1391597672255273	0.14335962790697676
MEF2B.hg38.10000	0.014387344077879925	0.012294755219037312	0.003282802812330993	0.003195959329367226	0.15016211573823687	0.15274527550027037
MEF2C.hg38.10000	0.011035582044348295	0.010476616982152515	0.0024166252028123294	0.0023866396971335903	0.10068251076257437	0.10903133845321795
MEIS1.hg38.10000	0.01841848999459167	0.014034478312601403	0.0038436928069226573	0.0030284703082747405	0.12478051314223905	0.13260750935640886
MEIS2.hg38.10000	0.021162173282855586	0.015453270308274751	0.0035232579772850213	0.0026538479177934007	0.14351047182260682	0.14974744402379664
MITF.hg38.10000	0.038594978907517584	0.014746877230935635	0.009982451919956734	0.003993578366684678	0.12583890102758247	0.12676127852893457
MIXL1.hg38.10000	0.023541744510546248	0.019099644348296377	0.005333862628447808	0.004067881449432122	0.23010067366143866	0.23954619145484043
MLX.hg38.10000	0.02877190438074635	0.017139621416982147	0.007605073012439154	0.0037866994050838325	0.14122046295294755	0.1472938764737696
MNT.hg38.10000	0.03289514981070849	0.019414245538128715	0.014128017739318549	0.006009249540292052	0.11311964478096269	0.12052392385073014
MSC.hg38.10000	0.016712075283937262	0.012632664142779883	0.006911132504056244	0.004990716279069764	0.19224419210383992	0.19362590676041108
MXI1.hg38.10000	0.03699001622498647	0.019726880692266094	0.02262471043807464	0.008929242617631152	0.12408282098431585	0.13670645754461871
MYB.hg38.10000	0.022136002163331534	0.014662738777717675	0.008192082639264473	0.004561320064899944	0.17573346111411575	0.17362689237425633
MYBL2.hg38.10000	0.025917011573823683	0.016674248134126556	0.007286532828555981	0.004215229421308812	0.13835611032990805	0.1463984986479178
MYC.hg38.10000	0.039613564088696596	0.023294358464034614	0.024813183342347216	0.009682797187669014	0.1493763911303407	0.15778978042184966
MYCN.hg38.10000	0.03907796473769605	0.022523149378042187	0.02146715932936722	0.00819285451595457	0.161324269983775	0.16624173239588966
MYF5.hg38.10000	0.04962143428880477	0.016350467063277443	0.00802124002163331	0.003820391130340725	0.10938848458626285	0.11053425981611682
MYNN.hg38.10000	0.02407070243374797	0.016572606598161167	0.006502293131422395	0.0034452482422931328	0.1603688285559762	0.16252693910221744
MYOD1.hg38.10000	0.04951148729042726	0.01307971876690103	0.013344041968631693	0.003841274202271498	0.1260638152514873	0.13251357360735533
MYOG.hg38.10000	0.041856213737155215	0.015418303082747435	0.006062674743104384	0.0034602643591130325	0.09079036884802595	0.09447392190373174
MYRF.hg38.10000	0.03841488631692807	0.017506923958896702	0.015012969172525686	0.005892796538669548	0.1630077083829097	0.16684500162249868
NANOG.hg38.10000	0.024538481341265548	0.014166739210383986	0.0033251032990805865	0.0032019136830719244	0.09513941590048675	0.10269251054624122
NEUROD1.hg38.10000	0.020233776095186586	0.01341588101676582	0.007051694104921586	0.003660941914548401	0.11609038831800973	0.134532815575987
NEUROG2.hg38.10000	0.043599619253650634	0.014345715954570036	0.005128228880475936	0.0030038918334234737	0.12763046446727963	0.12591047138994052
NFATC1.hg38.10000	0.039172330989724176	0.018260992969172527	0.021884257436452136	0.008076315413737158	0.11826001514332071	0.15245275673336936
NFATC3.hg38.10000	0.03632412590589508	0.011184907301243918	0.010479896592752842	0.0032062935640886927	0.12900977176852355	0.12101124413196324
NFE2.hg38.10000	0.026549588750676034	0.021651721362898866	0.0067759848566792905	0.005018881990265007	0.26468220616549487	0.27272007571660356
NFE2L2.hg38.10000	0.01613245473228772	0.014770991887506755	0.0033279502433747952	0.0031317339102217446	0.2161237884261763	0.22504206771227692
NFIA.hg38.10000	0.029490367982693336	0.014895980097349925	0.006843918658734451	0.0034141784748512698	0.15346631173607356	0.14709016376419687
NFIB.hg38.10000	0.025354579556517026	0.010928532179556513	0.006787521903731742	0.002739340616549494	0.16868721254732286	0.15130295424553813
NFIC.hg38.10000	0.028351386911844235	0.014235020010816652	0.0064322656571119486	0.003526946457544619	0.15393866955110874	0.15349184380746347
NFIL3.hg38.10000	0.01994185743645214	0.015520303299080574	0.0030321189832341823	0.002958711519740383	0.15214588599242834	0.1477890833964305
NFKB1.hg38.10000	0.019865116279069762	0.013103555219037315	0.00484829421308815	0.0032672372093023273	0.163182706760411	0.16791813953488366
NFKB2.hg38.10000	0.02445263645213629	0.013237734991887504	0.007188243591130339	0.003404399351000543	0.1551317049215792	0.1520612266089778
NFYA.hg38.10000	0.047065161709031904	0.026960552082206594	0.023311253217955654	0.009249333477555435	0.15059601946998377	0.24412365127095728
NFYC.hg38.10000	0.03449026890210925	0.020426480043266644	0.01911002617631152	0.006645619469983777	0.1754037953488372	0.16741887896160088
NKX2-1.hg38.10000	0.03219372547322878	0.01728634505137913	0.003514329042725804	0.0027002846944294166	0.12132366901027583	0.12285900530016225
NKX2-5.hg38.10000	0.03316541265548944	0.015296960519199557	0.005026572201189837	0.002758971119524068	0.11024963201730666	0.11158656571119523
NKX3-1.hg38.10000	0.02095911909140077	0.01461124932395889	0.004311215575987017	0.002801163007030831	0.12278043699296917	0.12920473985938344
NR1H2.hg38.10000	0.023986416873985932	0.014963753380205516	0.005922728393726341	0.0036129237425635468	0.1263506673877772	0.12729403569497022
NR1H3.hg38.10000	0.021318749161709033	0.014784292915089243	0.0035255593293672203	0.002903071498107078	0.13278891768523526	0.1362615143320714
NR2C2.hg38.10000	0.042276548188209834	0.02233044499729582	0.012658317360735537	0.005494922660897784	0.16462099643050299	0.16511134018388318
NR2F1.hg38.10000	0.0337895290427258	0.01267679653866957	0.00811685321795565	0.003474557923201729	0.12182089821525148	0.12459543666846944
NR2F2.hg38.10000	0.025389819361817206	0.01267407160627366	0.006002650081124934	0.003347401622498645	0.13160398875067603	0.13537880108166575
NR2F6.hg38.10000	0.02580652720389399	0.013873738020551647	0.004802615467820438	0.0029736441319632213	0.1487182498647918	0.14817642617631152
NR3C1.hg38.10000	0.02226733931855056	0.016025908058409945	0.0037503515413737187	0.00285200908599243	0.13833226608977825	0.14420320389399677
NR4A1.hg38.10000	0.021951356625202808	0.015069461546782043	0.00423756538669551	0.0032744315846403465	0.2593022922660898	0.25202531400757167
NR5A2.hg38.10000	0.03321537825851812	0.012829369821525147	0.008739789724175226	0.003313257760951864	0.11898704813412656	0.11953842466197946
NRF1.hg38.10000	0.03705100832882639	0.020343415467820435	0.023560132395889676	0.007990846944294212	0.17349838355868036	0.19661666284478097
ONECUT2.hg38.10000	0.032673133585722006	0.012483659491617097	0.005932057544618714	0.0018258236884802605	0.13430041925365063	0.13935435240670632
OSR2.hg38.10000	0.02296084586262845	0.012006642293131434	0.0039782788534342885	0.003136997295835591	0.09799544532179558	0.09806569042725799
OTX2.hg38.10000	0.019595465224445628	0.015644080908599235	0.0034418487831260228	0.002815332395889672	0.11512381179015684	0.11541836711736074
OVOL2.hg38.10000	0.013476542130881558	0.012188400216333155	0.006482166792861007	0.0031008938885884216	0.13893603028664142	0.1429628235803137
PATZ1.hg38.10000	0.04043383104380747	0.017536077879935105	0.019445967766360196	0.0065113596538669575	0.13728867928610058	0.15442684824229314
PAX3.hg38.10000	0.02418029421308817	0.017462719307733923	0.002791515413737157	0.002692171335857219	0.10277315824770146	0.10726961124932397
PAX5.hg38.10000	0.029452941049215798	0.0114425553272039	0.007704499729583564	0.0035746937804218525	0.15035182606814496	0.15596100378583017
PAX7.hg38.10000	0.022902015792320176	0.017908363439697133	0.0029619093564088672	0.0028038213088155913	0.0979911588967009	0.09717590135208219
PBX1.hg38.10000	0.025700826392644673	0.011532962682531095	0.007287180097349911	0.0031905938345051397	0.14653410016224988	0.1452493191995673
PBX2.hg38.10000	0.018813204110329905	0.013583482098431583	0.005255571660356951	0.0031470485667928643	0.13896269464575448	0.13716747560843698
PBX3.hg38.10000	0.024880189507842085	0.017042285776095185	0.006921172525689563	0.004430091508923734	0.14381885386695512	0.1456809760951866
PBX4.hg38.10000	0.027466184532179545	0.020258875932936713	0.0027715045970794897	0.0026700244456462977	0.11142112060573284	0.11085716387236344
PDX1.hg38.10000	0.024175919524067065	0.014147520173066521	0.003805727636560303	0.0028174991887506794	0.09986973888588427	0.10212258085451593
PGR.hg38.10000	0.025678027906976743	0.017752843699296916	0.005054885018929149	0.00326617631151974	0.1056558952947539	0.10940238745267712
PHOX2B.hg38.10000	0.03714166100594916	0.039572429204975654	0.005749471065440785	0.003697870849107651	0.1313166654407788	0.193866595132504
PITX3.hg38.10000	0.02340125516495403	0.013789407030827481	0.004471657760951867	0.003680215900486741	0.1156554898864251	0.11892508555976203
PKNOX1.hg38.10000	0.023096631692806926	0.01460582022714981	0.008514756084369931	0.004199805300162252	0.12716372871822607	0.13887444629529475
PLAG1.hg38.10000	0.039293738020551645	0.014208626933477554	0.013564798269334776	0.00440184964845863	0.14516789832341806	0.1388422425094646
POU2F1.hg38.10000	0.015845531206057327	0.014778447593293668	0.0036521133585722043	0.0031915513250405617	0.11214594137371552	0.1159953704705246
POU2F2.hg38.10000	0.02509017674418605	0.014673968199026504	0.007734195781503515	0.004479949810708499	0.13838837641968632	0.14399352298539753
POU3F2.hg38.10000	0.05666636668469444	0.01950088307193077	0.00997772850189291	0.0037403007030827524	0.12289843244997295	0.12234302044348297
POU5F1.hg38.10000	0.02063301590048675	0.012987898323418071	0.004336152298539747	0.003013272038939969	0.09798013196322335	0.09717298171984856
PPARD.hg38.10000	0.06877752514872905	0.02758439805300161	0.009616690535424565	0.004190094104921616	0.12831972525689564	0.13647895727420226
PPARG.hg38.10000	0.025027294753921035	0.015357293672255272	0.005616109464575447	0.003954866414277981	0.1530168307193077	0.15724450362358033
PRDM1.hg38.10000	0.02563077901568416	0.02442783861546782	0.0036967826933477516	0.0030189667928610013	0.1071268967009194	0.11629840259599783
PRDM14.hg38.10000	0.04153314267171444	0.011557628123309908	0.010531167982693348	0.0027771314223904893	0.08899006901027581	0.106721869983775
PRDM6.hg38.10000	0.027917042725797724	0.015957583991346676	0.0056328653326122215	0.003003326338561379	0.12662501546782043	0.13887032990805842
PRDM9.hg38.10000	0.04969647160627367	0.021514138669551115	0.006628215035154144	0.003001269875608443	0.11990622174148188	0.12797828447809625
PROX1.hg38.10000	0.035106387020010815	0.01484775727420227	0.004642538453217953	0.0028894269334775583	0.14998345051379122	0.15390848242293134
RARA.hg38.10000	0.036700837209302326	0.01649383666846945	0.014407648674959436	0.005719144186046507	0.13275556127636562	0.13508949486208763
RARG.hg38.10000	0.030895121254732292	0.015983710978907516	0.009252900378583019	0.003585816765819363	0.10025844586262844	0.10602345181179017
RBAK.hg38.10000	0.06216370578691184	0.03248252547322879	0.00962390567874528	0.003807447052460785	0.12876518766901027	0.12525183601946996
RBPJ.hg38.10000	0.034787822174148185	0.02226297198485668	0.017551127312060575	0.007400458626284475	0.1493901179015684	0.15784513098972416
REL.hg38.10000	0.02423300811249324	0.01279801925365062	0.010411194808004324	0.004688838507301244	0.11337982736614387	0.12200432190373174
RELA.hg38.10000	0.026294800216333156	0.016498981503515413	0.011848461654948622	0.005227832558139531	0.17085054840454303	0.1739140465116279
RELB.hg38.10000	0.01831598485667929	0.011581812871822611	0.005722448025959983	0.003144244456462961	0.10158887701460248	0.10940440800432667
REST.hg38.10000	0.03016591844240129	0.015536057111952412	0.010312896051919965	0.003703383017847487	0.3353770089778259	0.33393368869659273
RFX1.hg38.10000	0.02419547733910222	0.013493379340183877	0.007862615035154135	0.003737215792320173	0.24407582477014603	0.22845464532179555
RFX5.hg38.10000	0.025462442401298007	0.01736449410492158	0.011213654948620875	0.005274840021633318	0.16577816895619255	0.17702628101676582
RUNX1.hg38.10000	0.0300741174689021	0.019696555110870744	0.013609995457003787	0.007177244348296378	0.24079924369929692	0.23545584510546244
RUNX2.hg38.10000	0.025032775338020553	0.012302457544618712	0.004905436452136287	0.0026020629529475373	0.12151529345592214	0.1240718810167658
RUNX3.hg38.10000	0.01970247398593835	0.013009835370470528	0.0038083824770146005	0.0029260755002704147	0.15373889886425093	0.15672060227149812
RXRA.hg38.10000	0.030838394375338023	0.018655559545700386	0.013223763331530558	0.006065624229313147	0.1775851041644132	0.17897443677663602
RXRB.hg38.10000	0.024778142563547868	0.015590470957274205	0.005632304597079505	0.0033258094104921523	0.14407288956192535	0.14875544186046513
SCRT1.hg38.10000	0.022164943645213618	0.010959071930773388	0.004579744294213085	0.002139461330448893	0.12318859664683612	0.12993259145484046
SCRT2.hg38.10000	0.021575409410492158	0.012400440454299624	0.004370761276365603	0.002028040670632761	0.15279460941049214	0.15149074396971335
SETDB1.hg38.10000	0.035729118875067606	0.015076369929691726	0.012510001081665764	0.005135874094104921	0.1528339457003786	0.15827133196322335
SIX2.hg38.10000	0.01961619643050297	0.010324483288263927	0.004172910762574364	0.002416073553272035	0.1103730405624662	0.11338832190373176
SIX5.hg38.10000	0.024993122769064357	0.018364220227149806	0.016193392752839375	0.007348205516495399	0.20198358464034613	0.2138124880475933
SMAD1.hg38.10000	0.02643757533802055	0.017348670200108163	0.005557378042184966	0.003963170146024879	0.18255329497025416	0.18606232385073013
SMAD3.hg38.10000	0.02829719935100054	0.01689082617631152	0.0041859582477014575	0.0027896848025960024	0.16990562422931313	0.16960006792861004
SMAD4.hg38.10000	0.03390615597620335	0.014822002379664684	0.01105911216873986	0.00429683807463494	0.1297998918334235	0.14383383926446727
SMAD5.hg38.10000	0.033521058734451055	0.015039740400216333	0.02011780421849648	0.007459911303407246	0.28625759610600326	0.29975541806381834
SNAI2.hg38.10000	0.03527007247160628	0.01174693996755003	0.011131056787452676	0.0034000324499729555	0.15462431974040022	0.15952139275283939
SOX13.hg38.10000	0.02629832428339643	0.01589787387777177	0.003775542671714432	0.002907408977825867	0.13822686598161169	0.1349025691725257
SOX17.hg38.10000	0.02456333931855057	0.01287650362358031	0.005030779881016763	0.0029298219578150334	0.13180806273661438	0.13309739275283938
SOX2.hg38.10000	0.02451710589507842	0.014145200216333155	0.004547820443482966	0.00341805127095727	0.12056013672255272	0.12549914721471064
SOX4.hg38.10000	0.038976770578691186	0.013546696809085997	0.014624655922120065	0.005504577609518658	0.11875969756625203	0.12853793618171985
SOX5.hg38.10000	0.02203883612763656	0.01617736073553272	0.0031560302866414434	0.0024923794483504595	0.142787597187669	0.14114490903190913
SOX6.hg38.10000	0.02391220378583018	0.01675757490535425	0.004157097241752304	0.002922628447809624	0.1800255281773932	0.18036095402920502
SOX9.hg38.10000	0.022967454840454298	0.01645419145484045	0.011835712276906439	0.005174152947539215	0.15275434245538128	0.15784876625202815
SP1.hg38.10000	0.03965880843699297	0.03131513553272038	0.02663381287182261	0.01015165429962142	0.25109073098972423	0.3169048103839913
SP2.hg38.10000	0.043134896700919405	0.022069261222282303	0.024234102758247698	0.008001542455381285	0.17934762963764195	0.1881808761492699
SP4.hg38.10000	0.04418897869118442	0.021131709248242293	0.021987079718766896	0.006618722769064361	0.13466775727420227	0.15530018561384534
SP5.hg38.10000	0.0431634396971336	0.01871843244997295	0.01876303601946999	0.006294605083829098	0.11131718550567875	0.11023798593834506
SP7.hg38.10000	0.015627808761492702	0.012451537912385076	0.0047993622498648005	0.0032285840995132484	0.11624228880475934	0.1229543450513791
SPDEF.hg38.10000	0.06668692439156301	0.014899591130340721	0.014046290968090859	0.0032634920497566218	0.11772214602487832	0.10835731400757166
SPI1.hg38.10000	0.03770554461871282	0.03370205516495403	0.007344010816657656	0.006746156841535968	1.1013076088696592	1.089826351541374
SPIB.hg38.10000	0.03012392038939967	0.022909131855056792	0.005694062952947534	0.004260527852893452	0.7038527978366684	0.6949402617631152
SREBF2.hg38.10000	0.027711648242293125	0.016430634937804216	0.009410581719848567	0.004615991346673877	0.09249238766901027	0.10620779188750677
SRF.hg38.10000	0.02692951692806922	0.022546286641427802	0.009399924716062739	0.006333459816116822	0.3518333057869118	0.35047918355868035
STAT1.hg38.10000	0.026110378799351002	0.01935042379664683	0.012888517036235805	0.006539900486749603	0.17828223126014062	0.1776572248783126
STAT2.hg38.10000	0.022744101676581946	0.013056012547322879	0.011474081124932395	0.005342952947539205	0.12671995024337482	0.13207291206057328
STAT3.hg38.10000	0.022744015143320716	0.015037644131963221	0.007559268361276371	0.0042456722552731245	0.134220821200649	0.13233851855056789
STAT4.hg38.10000	0.02443688220659817	0.012606504272579769	0.008894357166035703	0.004420367766360196	0.12692053001622502	0.13139836884802597
STAT5A.hg38.10000	0.022091559113034075	0.015678934775554355	0.007203427149810709	0.0042932542996214134	0.15235624748512708	0.16070520973499186
STAT5B.hg38.10000	0.01692056203353164	0.013098824445646294	0.008152997295835587	0.0045529635478637155	0.15171894213088158	0.15483363850730122
STAT6.hg38.10000	0.03010449064359113	0.01702506652244456	0.008002256787452684	0.004572907301243916	0.1074331119524067	0.10504391130340726
T.hg38.10000	0.02911952666306114	0.01217070156841536	0.005227261438615467	0.0028016116819902627	0.0842437166035695	0.08897760735532723
TAL1.hg38.10000	0.029668054083288264	0.023008769713358572	0.005329404002163327	0.004627219037317468	0.3399900685776095	0.3413679913466738
TBP.hg38.10000	0.03177683461330449	0.0186177133585722	0.024030611141157378	0.009795857652785287	0.15668319264467281	0.151329202812331
TBX2.hg38.10000	0.02018199891833424	0.014176614386154685	0.004936683612763651	0.003478962898864249	0.0999521124932396	0.10385880151433208
TBX21.hg38.10000	0.023167937696051924	0.01578667517577068	0.004835769388858845	0.0036386544077880016	0.16870540443482965	0.17431350524607897
TBX5.hg38.10000	0.03446261849648459	0.01595335208220659	0.004721624661979458	0.002951414169821519	0.11437832385073012	0.11833500919415901
TCF12.hg38.10000	0.033075554353704704	0.019325889886425095	0.013239279610600323	0.006029546782044352	0.16267296744186047	0.1745163214710654
TCF3.hg38.10000	0.03582785722011898	0.015405240454299623	0.009755673769605192	0.004455329367225525	0.16769275197404004	0.1742243807463494
TCF4.hg38.10000	0.041670989291508934	0.013977426500811253	0.009306048674959438	0.003099209085992425	0.14598817522985397	0.13939851162790698
TCF7.hg38.10000	0.019632546024878298	0.01365649756625203	0.0033902178474851316	0.0028367701460248855	0.12117225743645213	0.12738994699837752
TCF7L1.hg38.10000	0.03445098323418064	0.01811422174148188	0.01626594872904272	0.005155428015143318	0.11946069269875609	0.12447002920497566
TCF7L2.hg38.10000	0.0232788811249324	0.011998409951325041	0.0067191095727420274	0.0033732902109248246	0.12117906630611142	0.1278975013520822
TEAD1.hg38.10000	0.018451960194699826	0.012887453975121683	0.003863227690643589	0.002771356192536509	0.16892398139534887	0.17735284932395887
TEAD3.hg38.10000	0.03400946630611141	0.015376735100054086	0.0046782996214169825	0.003271253650621956	0.16108423580313685	0.16825210383991349
TEAD4.hg38.10000	0.024790057760951868	0.014863277447268793	0.004928846295294749	0.003186184532179557	0.17053069897241754	0.1799337276365603
TET3.hg38.10000	0.019054552731206053	0.014195381287182262	0.004429125365062201	0.003208436560302863	0.12657099794483506	0.13162262368848027
TFAP2A.hg38.10000	0.04109990481341264	0.015034868577609523	0.011743591130340736	0.004316672363439702	0.1268180106003245	0.1347199216873986
TFAP2C.hg38.10000	0.03976483807463494	0.015135589832341808	0.012283984856679288	0.004456373823688477	0.13812228404542995	0.14588088047593292
TFAP4.hg38.10000	0.03201138345051379	0.018296896051919958	0.012216787885343425	0.005767777176852353	0.143264354786371	0.15046178518117903
TFDP1.hg38.10000	0.03662849367225527	0.02081864575446187	0.021126242942130887	0.007919110870740938	0.13185963569497022	0.146664476365603
TFE3.hg38.10000	0.027017601297998916	0.016331787560843698	0.007481542455381292	0.0035809864791779356	0.15758222823147644	0.16018276603569495
TFEB.hg38.10000	0.020360268253109798	0.013337498323418063	0.004288061005949161	0.003143243699296915	0.1399026630611141	0.13940221828015142
THAP11.hg38.10000	0.02798195089237425	0.017757873445105456	0.015123471714440236	0.006809728501892923	0.18627498409951326	0.20501012871822605
THRB.hg38.10000	0.02779951757706869	0.014496737696051922	0.006618628447809629	0.0033204889129259084	0.13866982931314226	0.14328862130881556
TLX1.hg38.10000	0.015209097674418604	0.013123884478096265	0.003435995240670633	0.0032593739318550565	0.13453313747971876	0.13936474937804216
TP53.hg38.10000	0.025773879935100052	0.013620845862628433	0.005593796863169289	0.002639357490535424	0.1043669594375338	0.11146202401297998
TP63.hg38.10000	0.03106469226608978	0.013003925581395348	0.005309764845862632	0.0025750978907517585	0.133788223255814	0.13412641557598698
TP73.hg38.10000	0.030067102217414817	0.011584060573282855	0.004105545484045424	0.0020920856679286087	0.127613075608437	0.12239469378042185
TRPS1.hg38.10000	0.029943625310978918	0.014815500270416443	0.00806598637101136	0.004132861005949163	0.14576903753380205	0.14947429313142238
TWIST1.hg38.10000	0.0205818898864251	0.013488454732287731	0.0033596876149269922	0.0032566511627906995	0.10072435781503515	0.1039682898864251
USF1.hg38.10000	0.03310695338020552	0.01613790762574365	0.011513256030286642	0.004866581719848563	0.17332985959978367	0.1770465998918334
USF2.hg38.10000	0.03326677815035154	0.016865689561925364	0.011159135532720393	0.004610653975121687	0.1811035007030828	0.18062445776095187
VDR.hg38.10000	0.026247714440237966	0.01597435283937263	0.010582071173607361	0.004806220443482967	0.16007803223363984	0.1656298604651163
VEZF1.hg38.10000	0.0249025830178475	0.016073227041644128	0.013747386911844241	0.005377728501892912	0.12669924542996217	0.12886171552190373
WT1.hg38.10000	0.06883881882098432	0.021455215143320713	0.00783372201189833	0.0022990489994591636	0.13661435543537048	0.12067882055164952
XBP1.hg38.10000	0.08745357274202271	0.021077512168739865	0.0066135338020551675	0.00292429204975663	0.13620635370470524	0.1515136008653326
YY1.hg38.10000	0.02941077295835588	0.018043703623580314	0.020130459275283938	0.00887588491076258	0.22529697652785283	0.18452118420767985
YY2.hg38.10000	0.030178911411573816	0.011879330665224442	0.014066053434288812	0.005406717144402377	0.15481030481341265	0.1434125663601947
ZBTB11.hg38.10000	0.021232653758788536	0.012549770903190916	0.01357061330448891	0.0053725040562466195	0.17301058691184423	0.17359699729583558
ZBTB14.hg38.10000	0.057858738345051376	0.028147647809626825	0.0340073561925365	0.008765304488912922	0.12003933499188751	0.1549436824229313
ZBTB16.hg38.10000	0.01677415467820443	0.01375623537047052	0.0046206273661438604	0.004130120930232548	0.1478963032990806	0.15453919480800432
ZBTB17.hg38.10000	0.029325602163331528	0.013027166684694431	0.011237464575446188	0.004487396430502968	0.17267565473228771	0.17744396106003243
ZBTB2.hg38.10000	0.028519661222282323	0.02591993423472147	0.006816961384532188	0.006368919848566792	0.6941737825851818	0.7240977055705777
ZBTB20.hg38.10000	0.0386912493239589	0.013949792103839915	0.015714315197403995	0.005217775662520284	0.13261319329367224	0.15627481449432126
ZBTB26.hg38.10000	0.04943834461871282	0.02175957944835046	0.0283377133585722	0.008355455273120607	0.1149258963764197	0.15422912709572742
ZBTB33.hg38.10000	0.03357363980530016	0.0158040843699297	0.014990118334234723	0.005548263926446729	0.14697064315846403	0.15389549334775554
ZBTB42.hg38.10000	0.03794135208220661	0.017076375554353703	0.008108114223904813	0.003661767441860464	0.11390994483504598	0.11758077274202271
ZBTB48.hg38.10000	0.05621429875608437	0.014005707301243918	0.016871760302866416	0.005168845429962143	0.12820991887506758	0.13709787387777178
ZBTB6.hg38.10000	0.03518585570578691	0.01126867063277448	0.009711849864791783	0.0028910113574905365	0.11346016830719309	0.1147516326663061
ZBTB7A.hg38.10000	0.04298617977285018	0.01995872276906436	0.017770435911303405	0.007250022714981073	0.17612010383991347	0.1789057734991887
ZEB1.hg38.10000	0.03387737198485668	0.015250081990265011	0.01444432103839914	0.005012546457544617	0.10667627431043807	0.1164704220659816
ZEB2.hg38.10000	0.028633551108707415	0.016597359437533796	0.006992345267712281	0.0033425289345592256	0.12984769929691725	0.13427166078961603
ZFHX2.hg38.10000	0.04762600713899406	0.028473605191995696	0.011204240995132505	0.003834542779881021	0.14106122747431044	0.14918162033531637
ZFHX3.hg38.10000	0.012115809626825309	0.00943552406706328	0.002052128501892915	0.0020414381828015157	0.13877324910762573	0.1445410133044889
ZFP1.hg38.10000	0.02299052460789614	0.016335576852352623	0.00494825959978367	0.003292584532179546	0.16273685191995668	0.17054869789075183
ZFP42.hg38.10000	0.04442645105462412	0.01887751173607355	0.02416572244456463	0.006857475392103838	0.11427201081665764	0.11278981590048676
ZFP64.hg38.10000	0.01921487679826934	0.014810353272038937	0.00572862952947539	0.003483056354786374	0.11145596711736075	0.11258172806922662
ZFX.hg38.10000	0.06101173607355328	0.02335654991887508	0.029794453217955645	0.010697790373174693	0.08346351714440237	0.11480719177934018
ZIC2.hg38.10000	0.030236643374797194	0.012043914764737694	0.00954630957274201	0.003718890643591131	0.09708944294213087	0.10189756019469984
ZIM3.hg38.10000	0.012606764737696046	0.010889536398053009	0.0021890911844240153	0.0016874046511627825	0.13491108577609517	0.14296706933477554
ZKSCAN1.hg38.10000	0.01995884997295835	0.015888958355868045	0.007473663601947	0.00329914764737696	0.24577629507842078	0.24908831454840452
ZNF121.hg38.10000	0.02302740335316388	0.01675821179015684	0.0032418453217955647	0.0030038714981070855	0.12780260941049212	0.12950614040021632
ZNF143.hg38.10000	0.029773285451595445	0.020420902974580855	0.014918960735532722	0.006757516495402919	0.21995404131963225	0.22392939102217413
ZNF146.hg38.10000	0.042527584640346144	0.035998422931314236	0.007882523742563558	0.00559065181179016	0.3930650375338021	0.3847654710654406
ZNF18.hg38.10000	0.02915583558680368	0.013378759545700378	0.0077036222823147656	0.0035896493239589065	0.12492081644131964	0.12608318139534883
ZNF184.hg38.10000	0.030792895619253653	0.027871804002163332	0.0061711887506760345	0.005709520389399675	0.19331639588967006	0.17396768934559223
ZNF217.hg38.10000	0.023766387452677125	0.012879080584099513	0.008702441535965387	0.004234734451054631	0.1076034976744186	0.11076184575446188
ZNF22.hg38.10000	0.019720475932936722	0.023619981395348787	0.003175800540832882	0.002436028123309895	0.14608750243374796	0.16177308858842618
ZNF24.hg38.10000	0.01685122682531098	0.015828254407787994	0.004169385830178477	0.0036018613304488922	0.24730912925905896	0.2462344207679827
ZNF263.hg38.10000	0.055385285451595455	0.016349648891292586	0.014772579772850193	0.003956662412114668	0.13647711454840455	0.13971688653326123
ZNF264.hg38.10000	0.015455014818820981	0.009984561168199022	0.0024594327744726857	0.002047852460789618	0.12173096636019469	0.1324293719848567
ZNF274.hg38.10000	0.06281592341806382	0.018887063710113575	0.01048406576527853	0.003936527420227145	0.11878801817198485	0.1269669659275284
ZNF280A.hg38.10000	0.012675023472147096	0.014342433747971893	0.005188419253650614	0.004085678312601403	0.1660416990805841	0.17604407355327203
ZNF3.hg38.10000	0.025766853434288806	0.012522200108166574	0.009069580530016223	0.003760147539210385	0.1285546682531098	0.13266296982152515
ZNF316.hg38.10000	0.010888071389940508	0.012172886100594919	0.0017786808004326715	0.0016338258518117854	0.19371591173607355	0.20116651681990264
ZNF317.hg38.10000	0.01672731292590589	0.01388980854515955	0.003975654299621418	0.002285991130340721	0.13329051379123852	0.1419105561925365
ZNF324.hg38.10000	0.025140594916170905	0.01501902909680909	0.007397472363439697	0.004132605732828556	0.14153383710113573	0.14917553228772312
ZNF335.hg38.10000	0.03388577393185505	0.014301786911844241	0.018137657544618702	0.005743364845862628	0.12284466760411034	0.1459870438074635
ZNF341.hg38.10000	0.03901354159004867	0.016415508058409956	0.0152673133585722	0.004952252244456459	0.13291238810167658	0.14318331032990805
ZNF35.hg38.10000	0.014090576527852896	0.014003903515413738	0.003910968956192537	0.0030226396971335823	0.1678273843158464	0.1788251106544078
ZNF382.hg38.10000	0.017109656679286104	0.01591642660897783	0.004981924067063285	0.003897780421849631	0.14478061871281772	0.14855869680908598
ZNF384.hg38.10000	0.03862111195240671	0.04295771811790156	0.003822885884261759	0.003960772309356406	0.11588831887506759	0.1241009137912385
ZNF444.hg38.10000	0.031155865008112495	0.02176418604651163	0.012359782368848028	0.005866613304488909	0.1825555630070308	0.17550340162249864
ZNF449.hg38.10000	0.015486300054083293	0.010760100378583014	0.003589311844240125	0.0022036274743104404	0.12245731444023797	0.12614634937804217
ZNF467.hg38.10000	0.04118153250405624	0.02075367658193619	0.009644983017847487	0.00327320843699297	0.15105256592752841	0.14964382087614927
ZNF486.hg38.10000	0.040643081449432114	0.021420095186587343	0.014693368523526233	0.004233513034072468	0.23785052201189832	0.29588907647376955
ZNF490.hg38.10000	0.015283261438615456	0.013480098647917785	0.011660090859924293	0.007549637209302333	0.10682527939426716	0.11576810470524608
ZNF554.hg38.10000	0.032872121146565715	0.01680232644672796	0.0052705890751757675	0.0027542771227690613	0.16431242184964845	0.16839940854515953
ZNF574.hg38.10000	0.02674008134126555	0.019998870740941047	0.010290232558139541	0.0057971967550027	0.17706819945916716	0.18047611768523528
ZNF580.hg38.10000	0.034960774472687944	0.019275228123309902	0.009825590481341268	0.005274163331530558	0.2580728908599243	0.2458475283937263
ZNF652.hg38.10000	0.020112398053001614	0.014890900594916169	0.004489665332612222	0.0029595219037317462	0.12718597771768525	0.13529033510005412
ZNF680.hg38.10000	0.023396162682531096	0.01357705786911844	0.008744963980530015	0.002683362682531101	0.09467487550027043	0.09935752341806382
ZNF701.hg38.10000	0.028054775121687397	0.013096407571660354	0.008683975338020544	0.0033651180097349956	0.123004990805841	0.12387956343969712
ZNF768.hg38.10000	0.017596824229313125	0.016161085559762037	0.0042353034072471615	0.0030878148188209905	0.2584876300703083	0.25219327420227156
ZNF770.hg38.10000	0.03715042942130881	0.014842472687939432	0.003335956733369373	0.00216534342888047	0.1666318740941049	0.1619582645754462
ZNF778.hg38.10000	0.02583568415359654	0.015509421741481877	0.005566612871822606	0.0037432086533261194	0.11536067669010276	0.11820452655489454
ZNF792.hg38.10000	0.03026827647376961	0.017586522011898323	0.009928528718226068	0.004490727528393723	0.16963390589507843	0.1720266959437534
ZSCAN16.hg38.10000	0.025362873336938895	0.031189752298539746	0.004369134883720931	0.003074254191454851	0.1293883253650622	0.14755537436452135
ZSCAN22.hg38.10000	0.038006880692266085	0.017436781828015148	0.013133012871822612	0.004717265981611682	0.11533201254732287	0.11722124780962682
ZSCAN4.hg38.10000	0.10439394483504597	0.09190932179556513	0.008620620443482972	0.007004418820984301	0.21372734580854516	0.21184738561384533
ZSCAN9.hg38.10000	0.02720878658734451	0.017876472904272574	0.009564670200108163	0.004512502325581397	0.18763523634396975	0.18830695208220657
